FeatureID,Class,Order,Family,Genus,Species,Classifier
795720180b35fc2fb85956435ea06508,Arachnida,Araneae,Agelenidae,Agelenopsis,NA,VSEARCH
79f33868abee420faa529b31aefc8d10,Arachnida,Araneae,Anyphaenidae,Anyphaena,Anyphaena pectorosa,VSEARCH
1146ff1c2c575257ae2af1fe5d7e1d27,Arachnida,Araneae,Anyphaenidae,Anyphaena,NA,VSEARCH
38033cd154e9e4d8182538620a876590,Arachnida,Araneae,Anyphaenidae,Wulfila,NA,sklearn
159da121d36f604b2635c3d97c64e5c7,Arachnida,Araneae,Anyphaenidae,Wulfila,NA,sklearn
d00be96603af70a767911af8833ba693,Arachnida,Araneae,Araneidae,Araneus,Araneus guttulatus,sklearn
52badf40e8888534dca3a0db83bb63d7,Arachnida,Araneae,Araneidae,Araneus,Araneus guttulatus,sklearn
3befeec458c75a1dae69424576464a07,Arachnida,Araneae,Araneidae,Araneus,Araneus guttulatus,sklearn
e33dd78f03c7f65175cffaf26e204672,Arachnida,Araneae,Araneidae,Araneus,Araneus guttulatus,sklearn
1ecb4c6a93ac689177cc5e605b91e0c0,Arachnida,Araneae,Araneidae,Araneus,Araneus guttulatus,VSEARCH
a9bccdad11fed67f692e79623945b404,Arachnida,Araneae,Araneidae,Araneus,Araneus guttulatus,VSEARCH
77aa41a5acc09fc2b2cb782634de2ddc,Arachnida,Araneae,Araneidae,Araneus,Araneus marmoreus,VSEARCH
3a1348a8cb180bf7e9dbf3049c1571c1,Arachnida,Araneae,Araneidae,Araneus,Araneus pegnia,sklearn
d235ebcfef5205da78f294a6a6b4a49d,Arachnida,Araneae,Araneidae,Araneus,Araneus pegnia,sklearn
90544265d69d79181f72c7b2529de412,Arachnida,Araneae,Araneidae,Araneus,Araneus thaddeus,sklearn
a1cfe0335c0c447b1e4944f81e472a0c,Arachnida,Araneae,Araneidae,Eustala,Eustala cepina,VSEARCH
2e379260d094e02449063e6461bef9ef,Arachnida,Araneae,Araneidae,Eustala,Eustala cepina,VSEARCH
88250f183ef344c96ece4beb69f82d31,Arachnida,Araneae,Araneidae,Eustala,Eustala emertoni,sklearn
7e77fcb9f7d4f893a006f6fd468c83c9,Arachnida,Araneae,Araneidae,Eustala,Eustala rosae,VSEARCH
65d5fa6d7e70a2048699fd898caf1fca,Arachnida,Araneae,Araneidae,Eustala,NA,VSEARCH
cf92faaa9dd6ac238287bfbf2f2d1315,Arachnida,Araneae,Araneidae,Larinioides,Larinioides cornutus,VSEARCH
466c3499623d8afb49560f7b43f316b2,Arachnida,Araneae,Araneidae,Larinioides,Larinioides cornutus,VSEARCH
9d5bb8ca8a9ba45d849ecf900b6716d2,Arachnida,Araneae,Araneidae,Mangora,Mangora maculata,VSEARCH
df49f349aac347c42c8f6e2fb3185b90,Arachnida,Araneae,Araneidae,Mangora,Mangora placida,sklearn
311310d115cf86c27b5b7ca711998715,Arachnida,Araneae,Araneidae,Mangora,Mangora placida,sklearn
0e1528da18c7b52dcdd44ace8deb441d,Arachnida,Araneae,Araneidae,Mastophora,Mastophora phrynosoma,sklearn
cfe6cda97b772272c8601e86e083478c,Arachnida,Araneae,Araneidae,Mecynogea,Mecynogea lemniscata,VSEARCH
d4ebdfff2f632287ba46e8dbea1da61c,Arachnida,Araneae,Araneidae,Metepeira,NA,VSEARCH
3a3de173c78ce02115dd24a20916715e,Arachnida,Araneae,Araneidae,Micrathena,NA,sklearn
61f31d85381e62d010d63a4d238577f3,Arachnida,Araneae,Araneidae,Neoscona,Neoscona arabesca,VSEARCH
d0f166d6a33f04359d7db697d1cb9698,Arachnida,Araneae,Araneidae,Neoscona,Neoscona sp. 1GAB,VSEARCH
0e4d88b9e819fabe1d7cb2d1bd224d1b,Arachnida,Araneae,Araneidae,Verrucosa,Verrucosa arenata,VSEARCH
746812800d597c9204ea246fbbd701d3,Arachnida,Araneae,Araneidae,NA,NA,sklearn
bce1abc12736cc1b2b810549791267c8,Arachnida,Araneae,Araneidae,NA,NA,sklearn
3c12767fa831a44337e2f9e4b9bf3bc2,Arachnida,Araneae,Araneidae,NA,NA,sklearn
54cc2ecba1726a5a0fb7459b7cdb4b2e,Arachnida,Araneae,Araneidae,NA,NA,VSEARCH
afb1181c8bd627c6374482dae709fe0c,Arachnida,Araneae,Araneidae,NA,NA,VSEARCH
078fec1da0d3379e4fa898eb6692905a,Arachnida,Araneae,Clubionidae,Clubiona,Clubiona abboti,VSEARCH
fee085f4d7b4f31f5f35e4fc11726f16,Arachnida,Araneae,Clubionidae,Clubiona,Clubiona obesa,VSEARCH
3f51496909f3ca38c07fbb2a39615e8e,Arachnida,Araneae,Clubionidae,Clubiona,Clubiona pygmaea,VSEARCH
e208b316f6615f8756244b151d382732,Arachnida,Araneae,Dictynidae,Emblyna,Emblyna sublata,sklearn
ec4c0d734f4db5ac9afb49c509c47b0b,Arachnida,Araneae,Dictynidae,Emblyna,Emblyna sublata,VSEARCH
97d753c564edc0e4ddfe4245f52e9c51,Arachnida,Araneae,Dictynidae,Emblyna,Emblyna sublata,VSEARCH
866056b57346423e590374324000881c,Arachnida,Araneae,Linyphiidae,Mermessus,Mermessus tridentatus,sklearn
fea662aede126bbddf2a654b9fddaa42,Arachnida,Araneae,Lycosidae,Pirata,Pirata alachuus,VSEARCH
84246a3daac330cbab0972baa5fc7def,Arachnida,Araneae,Lycosidae,Pirata,Pirata sedentarius,VSEARCH
93ecfa119b879a067c141f672b93db5a,Arachnida,Araneae,Mimetidae,Mimetus,Mimetus puritanus,sklearn
6f5ea8646f2a998837a4f4d09d8849f9,Arachnida,Araneae,Philodromidae,Philodromus,Philodromus keyserlingi,VSEARCH
8e428d5e85250f1aca5b7ed92744ef9e,Arachnida,Araneae,Philodromidae,Philodromus,Philodromus minutus,VSEARCH
aa23c415d8bf2b4fc9d649599a2d91ba,Arachnida,Araneae,Philodromidae,Philodromus,Philodromus rufus,VSEARCH
bb2adb53e0484881bcdd71cda3ad6299,Arachnida,Araneae,Philodromidae,Philodromus,Philodromus rufus,VSEARCH
b204c29663c2f65148b84cffe5356345,Arachnida,Araneae,Philodromidae,Philodromus,Philodromus vulgaris,sklearn
564c9aa49d1f57d06546ed4bb816650d,Arachnida,Araneae,Pisauridae,Dolomedes,Dolomedes scriptus,VSEARCH
6acf174b9dce7a33ca0ce54ad00d5c6b,Arachnida,Araneae,Pisauridae,Dolomedes,Dolomedes striatus,VSEARCH
f07a9c441ebd2dcb920a157a490e922f,Arachnida,Araneae,Pisauridae,Pisaurina,Pisaurina mira,VSEARCH
8e7fcf2a47690eb41974b667f784f38f,Arachnida,Araneae,Salticidae,Eris,Eris militaris,VSEARCH
98d7d5c64d4e004fa54148a377701f69,Arachnida,Araneae,Salticidae,Hentzia,NA,sklearn
0235bad502b6b2499724d44a83852f18,Arachnida,Araneae,Salticidae,Hentzia,NA,sklearn
44283295767fe130a965ca4d14968777,Arachnida,Araneae,Salticidae,Paraphidippus,Paraphidippus aurantius,sklearn
a024fc28d079d7f886c27ca2de13b65a,Arachnida,Araneae,Tetragnathidae,Leucauge,Leucauge venusta,VSEARCH
eae35ebb8aff8fa1779e68fc1cd63e6e,Arachnida,Araneae,Tetragnathidae,Tetragnatha,Tetragnatha elongata,VSEARCH
0ba6bd638e8ca55689dbf03f655e2c35,Arachnida,Araneae,Tetragnathidae,Tetragnatha,Tetragnatha guatemalensis,VSEARCH
ace4179b3889d821ef7a22a99fbe7e10,Arachnida,Araneae,Tetragnathidae,Tetragnatha,Tetragnatha guatemalensis,VSEARCH
0e8a2841677f7cf3b03b7893396caecd,Arachnida,Araneae,Tetragnathidae,Tetragnatha,Tetragnatha shoshone,VSEARCH
5fbef9f10927a535045c00b048c4f111,Arachnida,Araneae,Tetragnathidae,Tetragnatha,Tetragnatha viridis,sklearn
a67955af6d429c0fd4da40e381f3dc23,Arachnida,Araneae,Tetragnathidae,Tetragnatha,Tetragnatha viridis,VSEARCH
a2c79adaa724ea096b1eb36f81396f32,Arachnida,Araneae,Tetragnathidae,Tetragnatha,NA,sklearn
60a31f108b63f180b31fddf6e87b9ede,Arachnida,Araneae,Theridiidae,Anelosimus,Anelosimus studiosus,sklearn
9d304bca8c447ae6c1fbd8ed92d66539,Arachnida,Araneae,Theridiidae,Dipoena,Dipoena nigra,sklearn
98feddacdff4b94c82e2a50cb2e0b2d5,Arachnida,Araneae,Theridiidae,Dipoena,Dipoena nigra,VSEARCH
1ec617466cf6b3e5934156aa91e2e444,Arachnida,Araneae,Theridiidae,Euryopis,Euryopis funebris,VSEARCH
338223da3abd493d250b363d8dd833f2,Arachnida,Araneae,Theridiidae,Neospintharus,Neospintharus trigonum,VSEARCH
2e988283ad7725d048dcb03ddaced024,Arachnida,Araneae,Theridiidae,Parasteatoda,Parasteatoda tepidariorum,sklearn
86d26dd555f1bbdcd7afd06fa6b40960,Arachnida,Araneae,Theridiidae,Platnickina,Platnickina alabamensis,VSEARCH
c5b91c134e87ff90544b26a90b30194d,Arachnida,Araneae,Theridiidae,Theridion,Theridion albidum,sklearn
224d1b6fb9e7bfff45493fa76834e9aa,Arachnida,Araneae,Theridiidae,Theridion,Theridion albidum,VSEARCH
6eb89f267830d1aa9c24ae073ded6d14,Arachnida,Araneae,Theridiidae,Theridion,Theridion albidum,VSEARCH
2fba421c5d9bab8b057ab02b3882b58e,Arachnida,Araneae,Theridiidae,Theridion,Theridion glaucescens,sklearn
551aec15db14ba8e6d9a927b43ea105a,Arachnida,Araneae,Theridiidae,Theridion,Theridion glaucescens,sklearn
90009a61dd0a43ab88e7add03d8464db,Arachnida,Araneae,Theridiidae,Theridion,Theridion murarium,VSEARCH
79314d1061e44920e5d4920f3c6bff66,Arachnida,Araneae,Theridiidae,Thymoites,Thymoites unimaculatus,sklearn
1690a1444a8479fa62b5d2ceaa8f0b17,Arachnida,Araneae,Theridiidae,Thymoites,Thymoites unimaculatus,sklearn
2ae25d61d9ae54ed5798719061ee09c3,Arachnida,Araneae,Theridiidae,Wamba,Wamba crispulus,VSEARCH
fcbcf9e2c39bc12565ddd2fc1b8f100a,Arachnida,Araneae,Thomisidae,Tmarus,Tmarus angulatus,sklearn
6a056b42d75944093cfaf1904222e0a5,Arachnida,Araneae,Thomisidae,Tmarus,Tmarus angulatus,VSEARCH
ad177e11a96f70f5e353545b29160322,Arachnida,Araneae,Thomisidae,Tmarus,Tmarus angulatus,VSEARCH
d2241a0d3823dabb6c6980707dcfeb19,Arachnida,Araneae,Thomisidae,Xysticus,Xysticus fraternus,VSEARCH
bedf203cb90ba9e4c579a00660300d19,Arachnida,Araneae,Trachelidae,Trachelas,Trachelas similis,VSEARCH
3075d08238dfb2044329d01621418775,Arachnida,Araneae,Uloboridae,Hyptiotes,Hyptiotes cavatus,sklearn
d32373068595cac845c5147d19b51826,Arachnida,Mesostigmata,Blattisociidae,NA,NA,sklearn
4fb5d62591a6bb6028caef9f0f702245,Arachnida,Mesostigmata,Dermanyssidae,Dermanyssus,NA,sklearn
cb7d9d3afc66a56641de13e59b335416,Arachnida,Trombidiformes,Arrenuridae,Arrenurus,NA,sklearn
1a7b07d0286890b159b2e2f599a126d8,Arachnida,Trombidiformes,Arrenuridae,Arrenurus,NA,sklearn
fd180df900c9fdf41e672b513d8ce712,Arachnida,Trombidiformes,Arrenuridae,Arrenurus,NA,sklearn
5ce4477682f8a40ae23ba7b4bfbe94af,Arachnida,Trombidiformes,Erythraeidae,NA,NA,sklearn
3b2ca17e86305e328c6afb46ad935893,Arachnida,Trombidiformes,Hydryphantidae,Parathyas,NA,sklearn
b5b234b2dee866913a8f2aaebd48b8f6,Arachnida,Trombidiformes,Pionidae,NA,NA,sklearn
95a211c426396a8f8ed7cdd16399ca47,Arachnida,Trombidiformes,Pionidae,NA,NA,sklearn
d4d84ea87207f9dba68c3cfd4908c9cc,Arachnida,Trombidiformes,Pionidae,NA,NA,sklearn
2f9db995aea89265a51ea2cc57bec573,Arachnida,Trombidiformes,Pionidae,NA,NA,sklearn
7a869878aaeeb405da66084b43d7010c,Arachnida,Trombidiformes,Pionidae,NA,NA,sklearn
d78cd4e8c7b02853eedbf01a03de341c,Arachnida,Trombidiformes,Scutacaridae,NA,NA,sklearn
9b64bb56d58cffd446b9f6c83b38253d,Arachnida,Trombidiformes,Scutacaridae,NA,NA,sklearn
6242eb8de29cd67e85b9ba6775932686,Arachnida,Trombidiformes,Scutacaridae,NA,NA,sklearn
acbd0b2463dfe6bcabde2ecaed3cf88a,Arachnida,Trombidiformes,Scutacaridae,NA,NA,sklearn
55cdd113bb851d7b25584601ecfc9be8,Arachnida,Trombidiformes,Scutacaridae,NA,NA,sklearn
dc3ce7e1698921109df520541fa4329e,Arachnida,Trombidiformes,Scutacaridae,NA,NA,sklearn
e89f5c1061aaef0ba75b4ff5530dc8d7,Arachnida,Trombidiformes,Scutacaridae,NA,NA,sklearn
b36c90d5207f7e0e6060fac698427a59,Arachnida,Trombidiformes,Scutacaridae,NA,NA,sklearn
15d645134fe4403f6f88c9626532af11,Arachnida,Trombidiformes,Tarsonemidae,NA,NA,sklearn
60975293ae359508513ee68f334d5952,Arachnida,Trombidiformes,Tarsonemidae,NA,NA,sklearn
b0df50ef4b036785005fc6d9cc0683c0,Arachnida,Trombidiformes,Tydeidae,NA,NA,sklearn
89c752d14816ea76e779edefcaa806a1,Arachnida,Trombidiformes,Tydeidae,NA,NA,sklearn
df2645da8765119b36411bbc26348dbe,Arachnida,Trombidiformes,Tydeidae,NA,NA,sklearn
9fb6b8cb5b5879a595bcc51ebb5e5e4b,Arachnida,Trombidiformes,Unionicolidae,Unionicola,NA,sklearn
1ab9fb772473b05d34f040bb0a77662c,Arachnida,Trombidiformes,Unionicolidae,Unionicola,NA,sklearn
a998a7c1f8aec3c51217018101cc81c4,Arachnida,Trombidiformes,Unionicolidae,Unionicola,NA,sklearn
be78c95e26bf5dd413f831c1c5a83638,Arachnida,Trombidiformes,Unionicolidae,Unionicola,NA,sklearn
d9da58cab1a0991ed8c2d0707b51d60d,Collembola,Entomobryomorpha,Entomobryidae,Entomobrya,Entomobrya clitellaria,sklearn
653477d7389dc9901740e39d0196ce84,Collembola,Entomobryomorpha,Isotomidae,NA,NA,sklearn
05e6d2ccffeea50a66377dacaa4aacf9,Collembola,Entomobryomorpha,Tomoceridae,NA,NA,VSEARCH
a2d6e33aeadbde7f614bf5aa66cbc29c,Collembola,Poduromorpha,Hypogastruridae,NA,NA,sklearn
0561efa3caaab8fb780871d2f9e15a54,Collembola,Poduromorpha,Hypogastruridae,NA,NA,VSEARCH
e583e79aa08b36fa5958042781ac1700,Insecta,Blattodea,Ectobiidae,Parcoblatta,Parcoblatta lata,sklearn
8aa00cff837702faff3bc02d1e54d041,Insecta,Blattodea,Ectobiidae,Parcoblatta,Parcoblatta lata,sklearn
49e003537cd7572d27c41406b1ea91e4,Insecta,Blattodea,Ectobiidae,Parcoblatta,Parcoblatta lata,sklearn
324e9c54a78d7d72fcaf137160927342,Insecta,Blattodea,Ectobiidae,Parcoblatta,Parcoblatta pennsylvanica,sklearn
31e90575c8edb1aae64abe89c6690da9,Insecta,Blattodea,Ectobiidae,Parcoblatta,Parcoblatta uhleriana,VSEARCH
011c16c53d616379f02a5acf9a891755,Insecta,Blattodea,Ectobiidae,Parcoblatta,NA,sklearn
dccff049322064b01fbf56b38938a924,Insecta,Blattodea,Ectobiidae,Parcoblatta,NA,sklearn
ef69d934ca793e185457fcd2c05d7fc9,Insecta,Blattodea,Ectobiidae,Parcoblatta,NA,sklearn
e5a328c275b5ffafd2da91027e635957,Insecta,Blattodea,Rhinotermitidae,Reticulitermes,Reticulitermes flavipes,VSEARCH
c4fbc9bf144f09f68207296b02225936,Insecta,Coleoptera,Aderidae,NA,NA,sklearn
b0d4ad2f22ee5f63977e6e59981ca151,Insecta,Coleoptera,Aderidae,NA,NA,VSEARCH
36e0ac3f9241724fb8cc20ab66b35666,Insecta,Coleoptera,Bostrichidae,Xylobiops,Xylobiops basilaris,VSEARCH
fec295f0ef64b33e49e7024eae3c4586,Insecta,Coleoptera,Cantharidae,Rhagonycha,Rhagonycha imbecillis,VSEARCH
388928d55df3875791209bec8efd13fc,Insecta,Coleoptera,Carabidae,Amphasia,Amphasia sericea,VSEARCH
82824baabadf6c94d826870b131ac0c6,Insecta,Coleoptera,Carabidae,Anisodactylus,Anisodactylus caenus,VSEARCH
b8b0d61f4aac01701774bf8af06aceb8,Insecta,Coleoptera,Carabidae,Bembidion,Bembidion affine,sklearn
9d0fbb8cfc04d772de6751b9860f5cee,Insecta,Coleoptera,Carabidae,Bembidion,Bembidion affine,VSEARCH
fdd9aa32da45c7b3a4022898cf6fe853,Insecta,Coleoptera,Carabidae,Bembidion,Bembidion impotens,sklearn
0245a65fd2413cba4f5ad3000d74d6af,Insecta,Coleoptera,Carabidae,Notiobia,Notiobia terminata,VSEARCH
a1c0d92515d65e7681a1540913463719,Insecta,Coleoptera,Carabidae,Stenolophus,Stenolophus ochropezus,sklearn
b5b4a32b3b90146cbf3e63607578fec3,Insecta,Coleoptera,Carabidae,Stenolophus,Stenolophus ochropezus,sklearn
c419aa148d21da6d8f79c64db4e2bd93,Insecta,Coleoptera,Carabidae,Stenolophus,Stenolophus ochropezus,sklearn
6fafadf92fa881dc14814b5c4582dd4d,Insecta,Coleoptera,Carabidae,Stenolophus,Stenolophus ochropezus,VSEARCH
aff315f4958575e8f5575c48d28b5cd5,Insecta,Coleoptera,Carabidae,NA,NA,sklearn
dc15e36fd3060fb977a986d682fed4e6,Insecta,Coleoptera,Carabidae,NA,NA,VSEARCH
6684e8f1d23df13b668f2fcaebecd8f5,Insecta,Coleoptera,Cerambycidae,Lepturges,Lepturges confluens,VSEARCH
f666d1b64bbd68ed1ccd4906473feb74,Insecta,Coleoptera,Cerambycidae,Obrium,Obrium rufulum,sklearn
67bacd845341789c4ee6699bddcff43b,Insecta,Coleoptera,Cerambycidae,Obrium,Obrium rufulum,VSEARCH
403b3be77820a0d706503d8cc7fbcf17,Insecta,Coleoptera,Cerambycidae,Sternidius,Sternidius alpha,sklearn
1131923498dbcdcb88dfb07b9c1ea5b0,Insecta,Coleoptera,Cerambycidae,Sternidius,Sternidius alpha,VSEARCH
9fe1973960a35ab3db87012d672c9fcf,Insecta,Coleoptera,Chrysomelidae,Cerotoma,Cerotoma trifurcata,VSEARCH
398b599073af2ea4822837a46703d01a,Insecta,Coleoptera,Chrysomelidae,Diabrotica,Diabrotica undecimpunctata,VSEARCH
40ebc325109b83d8c760f8ecbbdd27df,Insecta,Coleoptera,Chrysomelidae,Paria,Paria fragariae,VSEARCH
95c1e52c591372701739df90cde27234,Insecta,Coleoptera,Chrysomelidae,Systena,Systena marginalis,sklearn
e2d4661a6dec18dd192ee04759aff9c3,Insecta,Coleoptera,Chrysomelidae,Systena,Systena marginalis,sklearn
5e039b20c75d98db99d79175fbfd8d57,Insecta,Coleoptera,Chrysomelidae,Systena,Systena marginalis,sklearn
1ecaa2ae860aa20bb07524a78c2c7710,Insecta,Coleoptera,Chrysomelidae,Systena,Systena marginalis,sklearn
9037b725a8bfbbbdf53a7fb831c20deb,Insecta,Coleoptera,Chrysomelidae,Systena,Systena marginalis,sklearn
a95a73c02728b02f8fbe3c9bec7e13ff,Insecta,Coleoptera,Cleridae,Cymatodera,Cymatodera inornata,sklearn
21f8d81b56c2219a75fbe0e53d045eac,Insecta,Coleoptera,Cleridae,Cymatodera,Cymatodera inornata,sklearn
86107d14eea7082ec18ae0bca4677247,Insecta,Coleoptera,Cleridae,Cymatodera,Cymatodera inornata,sklearn
aaa3e1f8642364d32cb5f09184ff35c4,Insecta,Coleoptera,Cleridae,Neorthopleura,NA,sklearn
fe97cf979b10951ec434b42f6b3d68eb,Insecta,Coleoptera,Coccinellidae,Harmonia,Harmonia axyridis,VSEARCH
5af4825b815ba94e667851ce5501c01b,Insecta,Coleoptera,Curculionidae,Conotrachelus,NA,sklearn
0179a2fce040d03e6173233d820ecfbf,Insecta,Coleoptera,Curculionidae,Corthylus,Corthylus columbianus,VSEARCH
71d04c80595237ee5a46d61ac705b8cd,Insecta,Coleoptera,Dytiscidae,Coptotomus,NA,VSEARCH
6f1ff9a2ada075bbc45db7f728544eeb,Insecta,Coleoptera,Elateridae,Athous,Athous brightwelli,sklearn
3b5413ff663c1e81491a21eb8a8b592b,Insecta,Coleoptera,Elateridae,Glyphonyx,Glyphonyx teapensis,sklearn
6b3951ad791813874c46939bf35a0c3c,Insecta,Coleoptera,Elateridae,Limoniscus,Limoniscus violaceus,sklearn
8244b17047db429fde17ba8b37b4d5d6,Insecta,Coleoptera,Elateridae,Limoniscus,Limoniscus violaceus,sklearn
322bd50d5151c00064d6eeb474f9c9b9,Insecta,Coleoptera,Elateridae,Limoniscus,Limoniscus violaceus,sklearn
ebfd465aca9a4c7731be4854f2cd380a,Insecta,Coleoptera,Elateridae,Limoniscus,Limoniscus violaceus,sklearn
7f68e63ea351b3570d29abc39d232104,Insecta,Coleoptera,Elateridae,Limoniscus,Limoniscus violaceus,sklearn
925a978846eec57d281b5059b95f7079,Insecta,Coleoptera,Elateridae,Limoniscus,Limoniscus violaceus,sklearn
a33bfa7d4a47b84de76360144f315cc9,Insecta,Coleoptera,Elateridae,Limoniscus,Limoniscus violaceus,sklearn
41bcadf6f35957ef31eac55e3009e8f8,Insecta,Coleoptera,Elateridae,Melanotus,Melanotus miscellus,VSEARCH
1ea1f9f65bca83cedf1720aa3d724d7c,Insecta,Coleoptera,Heteroceridae,Tropicus,Tropicus pusillus,VSEARCH
3f0198df0793200a934676fafd0b253b,Insecta,Coleoptera,Hydrophilidae,Enochrus,Enochrus ochraceus,VSEARCH
497eda0dd46062905f3bf6bde94eee02,Insecta,Coleoptera,Hydrophilidae,Helocombus,Helocombus bifidus,sklearn
451fbb02ef32060272577cabe65295b3,Insecta,Coleoptera,Hydrophilidae,Helocombus,Helocombus bifidus,sklearn
719780ee22fe90d554a3d30fe68e1a6a,Insecta,Coleoptera,Hydrophilidae,NA,NA,sklearn
cf1539c564aff65ee070dfeea97bb36b,Insecta,Coleoptera,Hydrophilidae,NA,NA,sklearn
86d51779d2086ca35a3ca088c2ceff85,Insecta,Coleoptera,Hydrophilidae,NA,NA,VSEARCH
3fe711038e7a713e9b39ce3627ea92c5,Insecta,Coleoptera,Lycidae,Plateros,Plateros volatus,sklearn
59d545a2702be7583cbb8de21c0f99dc,Insecta,Coleoptera,Melandryidae,Orchesia,Orchesia cultriformis,sklearn
a411dc55c231fc0bea10a253c3f05a46,Insecta,Coleoptera,Melandryidae,Phloiotrya,Phloiotrya fusca,sklearn
820f577448f46de02e35e7e109380e31,Insecta,Coleoptera,Melandryidae,Symphora,Symphora rugosa,sklearn
a394ea874a6b3d7791665ded95f7d4f8,Insecta,Coleoptera,Mordellidae,Pseudotolida,NA,VSEARCH
90d0c146f64f7bf58bc8f68dbcd2146d,Insecta,Coleoptera,Mordellidae,NA,NA,sklearn
5730e424bf236b89da2f47d3b8a74b2d,Insecta,Coleoptera,Mycetophagidae,Typhaea,NA,VSEARCH
b8f3d7f9a82a11dabc45f64674b10a98,Insecta,Coleoptera,Nitidulidae,Cryptarcha,Cryptarcha ampla,VSEARCH
ea3c5cd0545bdd846224a3db0edbe693,Insecta,Coleoptera,Phalacridae,Acylomus,NA,sklearn
a63e16d5653424102b9a5a77b5b18551,Insecta,Coleoptera,Ptilodactylidae,Ptilodactyla,Ptilodactyla carinata,sklearn
f5bb9eb4107ebf5ac9f7c18398485e9b,Insecta,Coleoptera,Ptilodactylidae,Ptilodactyla,NA,VSEARCH
4362cf9e9e21ad688139b0dcee2766f4,Insecta,Coleoptera,Ptinidae,Petalium,Petalium incisum,VSEARCH
a55e547b63fffaaab366888d2b1ea8cc,Insecta,Coleoptera,Ptinidae,Tricorynus,NA,VSEARCH
36693e3c3415e19b0b06da5dca2a08b0,Insecta,Coleoptera,Pyrochroidae,Dendroides,Dendroides canadensis,sklearn
b743b817f03e5816f9cace856543704f,Insecta,Coleoptera,Pyrochroidae,Dendroides,Dendroides canadensis,sklearn
7701a77ea68485979823cb7eca83fc0f,Insecta,Coleoptera,Pyrochroidae,Dendroides,Dendroides canadensis,sklearn
52c7e3fe8fc3bdf868d13afff967e41c,Insecta,Coleoptera,Pyrochroidae,Dendroides,Dendroides canadensis,sklearn
2906388fe2eef137678b7d04eb1a7a24,Insecta,Coleoptera,Pyrochroidae,Dendroides,Dendroides canadensis,sklearn
8b587028df66f32d521dcc4f963f6b17,Insecta,Coleoptera,Pyrochroidae,Dendroides,Dendroides canadensis,sklearn
0bd782893d0110b6b1ef138f698ae8e9,Insecta,Coleoptera,Pyrochroidae,Dendroides,Dendroides canadensis,sklearn
50956b465bf89c1bc53754b2a564ac21,Insecta,Coleoptera,Pyrochroidae,Dendroides,Dendroides canadensis,sklearn
3166e5463f687b567f643168cb45380f,Insecta,Coleoptera,Pyrochroidae,Dendroides,Dendroides canadensis,sklearn
92e807f319442dd87ddae1a3f7725e65,Insecta,Coleoptera,Pyrochroidae,Dendroides,Dendroides canadensis,VSEARCH
7c4047bf6a2a7e159e7cb68c5307471f,Insecta,Coleoptera,Pyrochroidae,Dendroides,NA,sklearn
c4afba60302c265bd32b9ef5846b7377,Insecta,Coleoptera,Scarabaeidae,Labarrus,Labarrus cincticulus,sklearn
3d9c6f47cfa39e7012b95db93d4dd2ea,Insecta,Coleoptera,Scarabaeidae,Phyllophaga,Phyllophaga hirticula,sklearn
29d8106a35d6dbda9d9a46833d73497a,Insecta,Coleoptera,Scirtidae,Contacyphon,Contacyphon variabilis,VSEARCH
8c64ab1a90837ca345c8a91f65c59888,Insecta,Coleoptera,Scirtidae,Contacyphon,NA,VSEARCH
a37ab388097defb37465d33237c4e019,Insecta,Coleoptera,Scirtidae,Sacodes,Sacodes thoracica,VSEARCH
f47fbcfd8ce24ad7c6fb6a8df61dd45d,Insecta,Coleoptera,Sphindidae,Sphindus,NA,sklearn
fad499604d4c921205434d990b67ad42,Insecta,Coleoptera,Staphylinidae,Philonthus,NA,VSEARCH
4d2c0b23abf654679d9fd390ca83990c,Insecta,Coleoptera,Staphylinidae,NA,NA,VSEARCH
45daeaea5791c12079173212797f4d47,Insecta,Coleoptera,Zopheridae,Zopherus,Zopherus sp. TX12_18.01,VSEARCH
e39de179041fc5c3d5aa19bda77346f0,Insecta,Diptera,Anisopodidae,Mycetobia,NA,VSEARCH
3b250bbdd6d39e137708e7c076d9b918,Insecta,Diptera,Anthomyiidae,Emmesomyia,NA,sklearn
d5614f7a87c58013b5b47c844b94f444,Insecta,Diptera,Anthomyiidae,Eustalomyia,NA,VSEARCH
92b09815880e3038cbc00afb1987d5a3,Insecta,Diptera,Asilidae,Cerotainia,Cerotainia macrocera,VSEARCH
a7cdc3a06ab4f7411faaf67cbffe338b,Insecta,Diptera,Cecidomyiidae,NA,NA,sklearn
66d858c905e317633122b07ec950d7e8,Insecta,Diptera,Cecidomyiidae,NA,NA,sklearn
6e08d35016d2d25d9ce7954a79fcc20d,Insecta,Diptera,Cecidomyiidae,NA,NA,sklearn
437dcbce182008fb42cc9471bf41bb8e,Insecta,Diptera,Cecidomyiidae,NA,NA,sklearn
9ac8969696c241935b09cbcf4f2ef5a7,Insecta,Diptera,Cecidomyiidae,NA,NA,sklearn
49b3b30223d98d265633ff883031e0ce,Insecta,Diptera,Cecidomyiidae,NA,NA,sklearn
93362c15cc8d2500cb01ab8f8405793a,Insecta,Diptera,Cecidomyiidae,NA,NA,sklearn
d0025f73a745954ddcf12d9e9ac09ff3,Insecta,Diptera,Cecidomyiidae,NA,NA,sklearn
3a112a26342dbb01e43e303de6985bb1,Insecta,Diptera,Cecidomyiidae,NA,NA,sklearn
cf3bcee26624d455dd2d3d4f9d470ab7,Insecta,Diptera,Cecidomyiidae,NA,NA,sklearn
a0af8ebf07ba2c68d82dc2e9746d0392,Insecta,Diptera,Cecidomyiidae,NA,NA,sklearn
1e8bcc5cfa9a84bb6411891edbc4a467,Insecta,Diptera,Cecidomyiidae,NA,NA,sklearn
e17362ad99817a19ddcd3a7fa3049942,Insecta,Diptera,Cecidomyiidae,NA,NA,sklearn
c50a7728b58c4d5c07788415e91dcb5a,Insecta,Diptera,Cecidomyiidae,NA,NA,sklearn
374abc94cae9e77ef837f95017237169,Insecta,Diptera,Cecidomyiidae,NA,NA,sklearn
7755a875d8f7aa5b398c9d54109ac51e,Insecta,Diptera,Cecidomyiidae,NA,NA,sklearn
0c76a180bbbe8bda6416ee3e8e67609a,Insecta,Diptera,Cecidomyiidae,NA,NA,sklearn
a5005baabab3196ff089c3ea59801937,Insecta,Diptera,Cecidomyiidae,NA,NA,sklearn
708ce6a37eacfd1180cc8d09fb7643bb,Insecta,Diptera,Cecidomyiidae,NA,NA,sklearn
d42ece848961c084222e51ad4ae9bc64,Insecta,Diptera,Cecidomyiidae,NA,NA,sklearn
0b551d81b3cb9500c2993fa31fd4fae9,Insecta,Diptera,Cecidomyiidae,NA,NA,sklearn
38ab912b84eb5c169bd0db230a9ec3bc,Insecta,Diptera,Cecidomyiidae,NA,NA,sklearn
2174f360caebd8240815a0d55ef5a13c,Insecta,Diptera,Cecidomyiidae,NA,NA,sklearn
39a53b86618f1236b0594e85a7ab8724,Insecta,Diptera,Cecidomyiidae,NA,NA,VSEARCH
53ffd7de8033c889c6466cab12758698,Insecta,Diptera,Cecidomyiidae,NA,NA,VSEARCH
0c631d5fdd8a95ba0cef364926870dfa,Insecta,Diptera,Cecidomyiidae,NA,NA,VSEARCH
b4f6629788948239982518c763b1f880,Insecta,Diptera,Cecidomyiidae,NA,NA,VSEARCH
458313c1b8a123cdea1919bb458f8bc2,Insecta,Diptera,Cecidomyiidae,NA,NA,VSEARCH
69da0eccfb8cbe5bb1103e30110a12f9,Insecta,Diptera,Cecidomyiidae,NA,NA,VSEARCH
c9627fce2acd4c4f1f957bd31d7243cc,Insecta,Diptera,Ceratopogonidae,Atrichopogon,Atrichopogon fusculus,sklearn
10c21cd709af30223081686ebf4bddd2,Insecta,Diptera,Ceratopogonidae,Bezzia,Bezzia nobilis,VSEARCH
29a836a18d194a1aeb4e027543a96fac,Insecta,Diptera,Ceratopogonidae,Bezzia,NA,sklearn
996fba25396f3d7df0398dc289925958,Insecta,Diptera,Ceratopogonidae,Bezzia,NA,VSEARCH
a033b225f7269630bf257f34875f6887,Insecta,Diptera,Ceratopogonidae,Sphaeromias,NA,sklearn
ec88e68ac40b5e4c28c4d30e051545a0,Insecta,Diptera,Ceratopogonidae,Stilobezzia,Stilobezzia antennalis,sklearn
624bab2a1c5b165e2a58831e4de3b4be,Insecta,Diptera,Ceratopogonidae,Stilobezzia,Stilobezzia antennalis,sklearn
908ad0291afff3666df5c1336853131e,Insecta,Diptera,Ceratopogonidae,Stilobezzia,Stilobezzia antennalis,sklearn
df619a20d7940f485819628bca470b0d,Insecta,Diptera,Ceratopogonidae,Stilobezzia,Stilobezzia antennalis,sklearn
c034b613fa44b050d3d1e9f758cbdec7,Insecta,Diptera,Ceratopogonidae,NA,NA,sklearn
f314462837e4131ab5753d8e9aa4b946,Insecta,Diptera,Ceratopogonidae,NA,NA,sklearn
584690960c93d3a2135b4d775c2d9bd6,Insecta,Diptera,Ceratopogonidae,NA,NA,VSEARCH
05ec695e4d5369b4fe1d390497056050,Insecta,Diptera,Ceratopogonidae,NA,NA,VSEARCH
10a4e0c743169bb7c0ed1eb548d7df9f,Insecta,Diptera,Ceratopogonidae,NA,NA,VSEARCH
7c0e42d7a2b2a35e1fd427ee68ea5712,Insecta,Diptera,Ceratopogonidae,NA,NA,VSEARCH
dcbee9f01a25b62f5a3b6cf9e040980f,Insecta,Diptera,Chaoboridae,Chaoborus,Chaoborus punctipennis,sklearn
cf1ee4a2a4f35508084eaa2a2b93cbe6,Insecta,Diptera,Chaoboridae,Chaoborus,Chaoborus punctipennis,sklearn
5c3474f684c3973222a987571de87d14,Insecta,Diptera,Chaoboridae,Chaoborus,Chaoborus punctipennis,sklearn
3610b4a6703bd02e2d962143105fc352,Insecta,Diptera,Chaoboridae,Chaoborus,Chaoborus punctipennis,sklearn
9625b34ac5696778d08b390e8120e576,Insecta,Diptera,Chaoboridae,Chaoborus,Chaoborus punctipennis,sklearn
0871fb8fc45696ef2abe3569477afa6f,Insecta,Diptera,Chaoboridae,Chaoborus,Chaoborus punctipennis,VSEARCH
2071169dada6c4549de2232007c5446b,Insecta,Diptera,Chaoboridae,NA,NA,sklearn
6626860a94c9df8f9f897d8f8f6031c3,Insecta,Diptera,Chaoboridae,NA,NA,sklearn
6b5697590b0a94d9d5a2f860b80994fb,Insecta,Diptera,Chaoboridae,NA,NA,sklearn
174478f4bd768576a17c22bd75609720,Insecta,Diptera,Chaoboridae,NA,NA,sklearn
31ade9c99d919221be70cb7657d069e2,Insecta,Diptera,Chaoboridae,NA,NA,sklearn
93573be2063a87301a1ee63b70837ae2,Insecta,Diptera,Chaoboridae,NA,NA,VSEARCH
ed1aad37a270547a75cba148aca2723b,Insecta,Diptera,Chironomidae,Axarus,Axarus festivus,VSEARCH
95c6807c8f8cc33c9f6f3d57b76e46be,Insecta,Diptera,Chironomidae,Chironomus,Chironomus bifurcatus,VSEARCH
366edc209f8faa2d486e5a9c97314184,Insecta,Diptera,Chironomidae,Chironomus,Chironomus calligraphus,sklearn
f7f929bccb95abd7b659e378f95b8995,Insecta,Diptera,Chironomidae,Chironomus,Chironomus decorus group sp. 2 IP2013,sklearn
2932b5ff8f45ac0d2c01a88725139216,Insecta,Diptera,Chironomidae,Chironomus,NA,sklearn
811831995a41bb2b0a1f56c91cb8230f,Insecta,Diptera,Chironomidae,Chironomus,NA,sklearn
c7300801685c4fde2d3e0b05ebf8b7f8,Insecta,Diptera,Chironomidae,Chironomus,NA,sklearn
559ac7057f0b8ac4e3d0265e4be8770f,Insecta,Diptera,Chironomidae,Chironomus,NA,sklearn
de820663be1bb0e5f4b0357e7d4f1ac7,Insecta,Diptera,Chironomidae,Chironomus,NA,sklearn
f1c7baf332ebaa98a4381b5c5de74f64,Insecta,Diptera,Chironomidae,Chironomus,NA,VSEARCH
4765308abf16ffdeec056b10a29bc9f7,Insecta,Diptera,Chironomidae,Chironomus,NA,VSEARCH
89f0edba5f6bc83fa3899670dea46327,Insecta,Diptera,Chironomidae,Chironomus,NA,VSEARCH
a976089ffd0eeb4c1b4cf0571e63a86a,Insecta,Diptera,Chironomidae,Chironomus,NA,VSEARCH
990736d8f6669e3a92be77e94907a983,Insecta,Diptera,Chironomidae,Chironomus,NA,VSEARCH
9820dddc068ca33494135c5b6b5b2ff2,Insecta,Diptera,Chironomidae,Chironomus,NA,VSEARCH
14b6648521fe7b2b29e6ec06a6ad0cea,Insecta,Diptera,Chironomidae,Clinotanypus,NA,sklearn
0aa429e9b2213e5c60a25422f14943c0,Insecta,Diptera,Chironomidae,Coelotanypus,NA,VSEARCH
dfef803ad463f32243d32ea8045bcf09,Insecta,Diptera,Chironomidae,Cryptochironomus,NA,VSEARCH
7ae3282ccbac6ed50b3326fca4d01ab2,Insecta,Diptera,Chironomidae,Dicrotendipes,Dicrotendipes modestus,VSEARCH
3ed61680443c06eeef11f8adc6817752,Insecta,Diptera,Chironomidae,Dicrotendipes,Dicrotendipes tritomus,sklearn
c0ba00e48c1e4defb25a7f0c7ac7dc37,Insecta,Diptera,Chironomidae,Dicrotendipes,Dicrotendipes tritomus,VSEARCH
cfb09942e286f342550af126fe3101de,Insecta,Diptera,Chironomidae,Glyptotendipes,Glyptotendipes meridionalis,sklearn
3b61a96b081c809d4e995e1f78458d0f,Insecta,Diptera,Chironomidae,Glyptotendipes,Glyptotendipes meridionalis,sklearn
5cac244b7bc2b762706cf1e5898f59a9,Insecta,Diptera,Chironomidae,Glyptotendipes,Glyptotendipes meridionalis,VSEARCH
c7c0d0ed4a02a987744a5cbfd4de71b9,Insecta,Diptera,Chironomidae,Glyptotendipes,NA,sklearn
245e5c1b29476d1958bc6c5940bfedcc,Insecta,Diptera,Chironomidae,Glyptotendipes,NA,sklearn
9eec92f11b6bd68badaf30d80ff15baf,Insecta,Diptera,Chironomidae,Glyptotendipes,NA,sklearn
954ba86f46a17e332fb8f7e065d5c196,Insecta,Diptera,Chironomidae,Glyptotendipes,NA,VSEARCH
123e759e444cbae85fb4ee86b641b98c,Insecta,Diptera,Chironomidae,Microtendipes,NA,sklearn
1a2b869086169af38c475f617e904051,Insecta,Diptera,Chironomidae,Parachironomus,NA,VSEARCH
ebb526be916826b4b45c38a35d0d77f1,Insecta,Diptera,Chironomidae,Phaenopsectra,NA,sklearn
82f42057eaf3b2b786881215b632acf4,Insecta,Diptera,Chironomidae,Phaenopsectra,NA,sklearn
8f889c09504a92e04aa8e98c545a1432,Insecta,Diptera,Chironomidae,Polypedilum,Polypedilum convictum,sklearn
953df0032023bb5315ce084def3b5dbf,Insecta,Diptera,Chironomidae,Polypedilum,Polypedilum convictum,sklearn
ca59403e2e042804059b2b4f3da96aae,Insecta,Diptera,Chironomidae,Polypedilum,Polypedilum convictum,VSEARCH
b5b5085c1b27773392572a51db8c1879,Insecta,Diptera,Chironomidae,Polypedilum,NA,sklearn
b661f9e3d08ef368d8272ba6b1183040,Insecta,Diptera,Chironomidae,Polypedilum,NA,VSEARCH
9b1e17dc0e310f62456244825b94cb2b,Insecta,Diptera,Chironomidae,Polypedilum,NA,VSEARCH
dd282b616ffd8c3589b1b301db1d0d3c,Insecta,Diptera,Chironomidae,Polypedilum,NA,VSEARCH
f1941a55ed7b322661d71357706c2676,Insecta,Diptera,Chironomidae,Polypedilum,NA,VSEARCH
c15965caffea20beeb3ceba247dd918b,Insecta,Diptera,Chironomidae,Procladius,Procladius bellus,sklearn
4a664de4cc2f7e8868360605a62bba0b,Insecta,Diptera,Chironomidae,Procladius,NA,sklearn
4716b11852eb235e64ff1b78f8d41c32,Insecta,Diptera,Chironomidae,Procladius,NA,sklearn
985a235d142db210142876819b71e12e,Insecta,Diptera,Chironomidae,Procladius,NA,VSEARCH
a120f0ff0012a93df85e55847fe76ed7,Insecta,Diptera,Chironomidae,Procladius,NA,VSEARCH
1b1fa278d441295f636e20cb36d19fe3,Insecta,Diptera,Chironomidae,Procladius,NA,VSEARCH
d15c748f357b1c9f514bb9a1fe65acc6,Insecta,Diptera,Chironomidae,Procladius,NA,VSEARCH
3a8edb64c8e31c4e5d62a893b7ecf0d2,Insecta,Diptera,Chironomidae,Pseudochironomus,NA,VSEARCH
129ed634f369d5e7ffe8edccf092a69f,Insecta,Diptera,Chironomidae,Tanypus,NA,VSEARCH
d3d550dd2f350fb74acf0c14368a56a3,Insecta,Diptera,Chironomidae,Tanytarsus,Tanytarsus guerlus,VSEARCH
11d36e94af6ee244bd6eaffc1aab44b2,Insecta,Diptera,Chironomidae,Tanytarsus,NA,VSEARCH
a263902ac5b853857b3abd5e25cbda4c,Insecta,Diptera,Chironomidae,Tanytarsus,NA,VSEARCH
9238b44c34d35aca831e515d9555e585,Insecta,Diptera,Chironomidae,Tribelos,NA,VSEARCH
ba8f56cbd873e1a92591fe6cfccc22f5,Insecta,Diptera,Chironomidae,Xenochironomus,Xenochironomus xenolabis,VSEARCH
35192b3b8fe473566835fe2b1547c195,Insecta,Diptera,Chironomidae,NA,NA,sklearn
e91ea5dda5006d199b95084588dd6c78,Insecta,Diptera,Chironomidae,NA,NA,sklearn
40f80aff6a19b2304a0d0bf6988ca8f1,Insecta,Diptera,Chironomidae,NA,NA,sklearn
687fd147469d34d3021ec8bf1b205add,Insecta,Diptera,Chironomidae,NA,NA,sklearn
bd821c968f0fb233c8aaeec0813760e2,Insecta,Diptera,Chironomidae,NA,NA,sklearn
5c6247e44c550aebb963d84011671266,Insecta,Diptera,Chironomidae,NA,NA,sklearn
bfac75401a684fabd74a3b7a4bb49ac9,Insecta,Diptera,Chironomidae,NA,NA,sklearn
093ed02ad8458522172724ba59f561db,Insecta,Diptera,Chironomidae,NA,NA,sklearn
8a294085e9a20dd22607fa6c64681999,Insecta,Diptera,Chironomidae,NA,NA,sklearn
1351291e85fddedd6f274098d8131237,Insecta,Diptera,Chironomidae,NA,NA,VSEARCH
c1b305dcd78bb77c09ff85032e57f691,Insecta,Diptera,Chironomidae,NA,NA,VSEARCH
0b17ce4502ca2ba4c4840a47164af09e,Insecta,Diptera,Chironomidae,NA,NA,VSEARCH
3d371559f5aaa973177179b700eee14c,Insecta,Diptera,Chironomidae,NA,NA,VSEARCH
45778ac90edf31b84722f28f67462afd,Insecta,Diptera,Chironomidae,NA,NA,VSEARCH
c59176eb214ce83652e640fa9c11b336,Insecta,Diptera,Chironomidae,NA,NA,VSEARCH
9462c79aabbcf12b56eebb314a355548,Insecta,Diptera,Chironomidae,NA,NA,VSEARCH
ae9fbeaa5a2cf14cf2cfd496fcf8d724,Insecta,Diptera,Chironomidae,NA,NA,VSEARCH
18f863070e9e77767407b64179be1be0,Insecta,Diptera,Chironomidae,NA,NA,VSEARCH
aa5f7208c12caec6e2fde2c79e4fea96,Insecta,Diptera,Chironomidae,NA,NA,VSEARCH
10eb0f0713d0d385f0e59085efa53895,Insecta,Diptera,Chironomidae,NA,NA,VSEARCH
8ef43d5dd7dcc59193ebe7ba141f4f91,Insecta,Diptera,Chironomidae,NA,NA,VSEARCH
120d4f5d36feb19306494b0f74153455,Insecta,Diptera,Chironomidae,NA,NA,VSEARCH
bd1f0a535e950b3ef80dee8ab7df1b5b,Insecta,Diptera,Chironomidae,NA,NA,VSEARCH
f99b30316083da7d402876870334566f,Insecta,Diptera,Chironomidae,NA,NA,VSEARCH
4777b5d503196755ea21cbff0b415f71,Insecta,Diptera,Chloropidae,Chaetochlorops,Chaetochlorops inquilinus,sklearn
f810ef611e160eb726059e1a6015c777,Insecta,Diptera,Chloropidae,Chlorops,NA,VSEARCH
15a041e2e862cf549daffdc0832c6319,Insecta,Diptera,Clusiidae,Sobarocephala,Sobarocephala lachnosternum,sklearn
bf45cba7f879b42edc767de5251c5cb8,Insecta,Diptera,Clusiidae,Sobarocephala,Sobarocephala latifrons,VSEARCH
90e92096a0ca810069a24a7fa1c5212c,Insecta,Diptera,Clusiidae,Sobarocephala,Sobarocephala setipes,sklearn
62c7adc24836113a910d3f5f65dc163b,Insecta,Diptera,Clusiidae,Sobarocephala,Sobarocephala setipes,VSEARCH
6b9f06f69a3202063596119624212499,Insecta,Diptera,Clusiidae,Sobarocephala,NA,sklearn
9b6647d2196c79926cdc25938606c62e,Insecta,Diptera,Culicidae,Aedes,Aedes atlanticus,VSEARCH
403e524fd388b980ecca4258c2b489ed,Insecta,Diptera,Culicidae,Aedes,Aedes canadensis,sklearn
fc21d4887a549ff141b8106d9fb9ef36,Insecta,Diptera,Culicidae,Aedes,Aedes hendersoni,sklearn
063a023e43f351e3bfeae136d8ab13c5,Insecta,Diptera,Culicidae,Aedes,Aedes hendersoni,VSEARCH
8d1fd713f24b13f91ac9b2666a34c071,Insecta,Diptera,Culicidae,Aedes,Aedes vexans,sklearn
add49ccb99124aec7ffe5d336f1fbfe3,Insecta,Diptera,Culicidae,Aedes,Aedes vexans,sklearn
58503646ba1f8026aeb18d2bb5a759b5,Insecta,Diptera,Culicidae,Aedes,Aedes vexans,sklearn
7a32525674f58041551d0f7bd022ea39,Insecta,Diptera,Culicidae,Anopheles,Anopheles crucians,VSEARCH
c690eef6449dae66a873e8cd584fe8ac,Insecta,Diptera,Culicidae,Anopheles,Anopheles punctipennis,VSEARCH
3430ee93c6acd9e640afb8e872589337,Insecta,Diptera,Culicidae,Anopheles,Anopheles quadrimaculatus,sklearn
23524d391fb4b37461c8451d5595911b,Insecta,Diptera,Culicidae,Anopheles,Anopheles walkeri,sklearn
c47031a4693ba9522a2afac2473258de,Insecta,Diptera,Culicidae,Coquillettidia,Coquillettidia perturbans,sklearn
8b87140375f2616552601584fff7538d,Insecta,Diptera,Culicidae,Coquillettidia,Coquillettidia perturbans,sklearn
1f128faa6aa430d55038556104c55961,Insecta,Diptera,Culicidae,Coquillettidia,Coquillettidia perturbans,sklearn
8ee46706da70e45f498e577838501749,Insecta,Diptera,Culicidae,Coquillettidia,Coquillettidia perturbans,sklearn
cc714c6ea3bca64a75f221af85574c44,Insecta,Diptera,Culicidae,Coquillettidia,Coquillettidia perturbans,sklearn
1633335fa8cee799c7007f0bb8086f19,Insecta,Diptera,Culicidae,Coquillettidia,Coquillettidia perturbans,sklearn
4d6844e2e1aaa41f64bbcee1d9dea924,Insecta,Diptera,Culicidae,Coquillettidia,Coquillettidia perturbans,VSEARCH
5ecd38c30c967f74b2461b3c6b93168b,Insecta,Diptera,Culicidae,Culex,Culex erraticus,sklearn
8d70d9730c7c5dc1420c04ea31555cfc,Insecta,Diptera,Culicidae,Culex,Culex erraticus,sklearn
d89a63894cc3f5d286103617a358570e,Insecta,Diptera,Culicidae,Culex,Culex erraticus,sklearn
babe4032baf5cdbd2667b116d73cef02,Insecta,Diptera,Culicidae,Culex,Culex erraticus,sklearn
5b63139383a9ec398bfa2c719e23963a,Insecta,Diptera,Culicidae,Culex,Culex erraticus,sklearn
39ac9ff798ac138cc9caea144a06e8bd,Insecta,Diptera,Culicidae,Culex,Culex erraticus,sklearn
4b0a83b39b03894b65ad026a6d06e5c2,Insecta,Diptera,Culicidae,Culex,Culex erraticus,sklearn
6a5c7f2f53495aec6dc9eea864305059,Insecta,Diptera,Culicidae,Culex,Culex erraticus,VSEARCH
6868fa68c66d6b641ff8d94e83b79372,Insecta,Diptera,Culicidae,Culex,Culex erraticus,VSEARCH
a07997c1a5b848bfff2582438b95f002,Insecta,Diptera,Culicidae,Culex,Culex erraticus,VSEARCH
6e28a3385fd5177d4fdb41586a1a8943,Insecta,Diptera,Culicidae,Culex,Culex erraticus,VSEARCH
e29657714bcbfd64965273dfb0b902fd,Insecta,Diptera,Culicidae,Culex,Culex salinarius,VSEARCH
94cac66ecd39a4d5332e6a65750d9719,Insecta,Diptera,Culicidae,Culex,Culex territans,VSEARCH
f45745e55bc8dbaa304d22a3269bfb63,Insecta,Diptera,Culicidae,Culex,Culex territans,VSEARCH
8191a93f1a5a8cdde8cda9f673a3de40,Insecta,Diptera,Culicidae,Culex,NA,sklearn
bbc4f401e3a656b5977f69d6294b26ae,Insecta,Diptera,Culicidae,Culex,NA,sklearn
f59e61c9a39b49c3642137ae35a99a0b,Insecta,Diptera,Culicidae,Culex,NA,sklearn
2145ec0e90970b5c69e58a487b0fee69,Insecta,Diptera,Culicidae,Culex,NA,sklearn
437917de39db8e17bcb9b8b004698e65,Insecta,Diptera,Culicidae,Culex,NA,sklearn
f99b7d6db1594b2f69140a3b27950135,Insecta,Diptera,Culicidae,Culiseta,Culiseta melanura,VSEARCH
72fb8897840496cba648897e9c809346,Insecta,Diptera,Culicidae,Orthopodomyia,Orthopodomyia signifera,sklearn
299130f1da978a008948ec4a58aad90f,Insecta,Diptera,Culicidae,Orthopodomyia,Orthopodomyia signifera,VSEARCH
3671ba09948e1f3907e2d56d857b105d,Insecta,Diptera,Culicidae,Orthopodomyia,Orthopodomyia signifera,VSEARCH
657fcce7241cb020eb4f535d17009c1a,Insecta,Diptera,Culicidae,Psorophora,Psorophora ciliata,VSEARCH
e15186a1cf71acadc1642e5e01f6a359,Insecta,Diptera,Culicidae,Psorophora,Psorophora columbiae,VSEARCH
23c439f50caa659bb3b6d19b69bda39f,Insecta,Diptera,Culicidae,Psorophora,Psorophora ferox,VSEARCH
42b8d3622ead8d82f4e0e503d08b84ca,Insecta,Diptera,Culicidae,Psorophora,Psorophora howardii,VSEARCH
85a8af7dc2575af9711ff1e1b39205d3,Insecta,Diptera,Culicidae,Uranotaenia,Uranotaenia sapphirina,sklearn
2a234ee29d4fb6d2ed0453a965fce809,Insecta,Diptera,Culicidae,Uranotaenia,Uranotaenia sapphirina,sklearn
2066a2ef9e7c8048b1af441a0d9614b1,Insecta,Diptera,Culicidae,Uranotaenia,Uranotaenia sapphirina,VSEARCH
67478f80eea666bca6afaf865862efe4,Insecta,Diptera,Culicidae,NA,NA,sklearn
ebb53584f837c71a49b43b7b757d2495,Insecta,Diptera,Culicidae,NA,NA,sklearn
106866132fd52b9d5c96c38bde87c51f,Insecta,Diptera,Culicidae,NA,NA,VSEARCH
43dcc5a07f9d10fdd355a358de425469,Insecta,Diptera,Culicidae,NA,NA,VSEARCH
154245fda1eade3340224209c85cb24c,Insecta,Diptera,Culicidae,NA,NA,VSEARCH
d9689cfa9eb9a574a757b695383d40f5,Insecta,Diptera,Culicidae,NA,NA,VSEARCH
56af3ea37fb1d6c9ca63b9ebef744fba,Insecta,Diptera,Dolichopodidae,Dolichopus,NA,sklearn
028de64499b67d80a572f86a85dd9955,Insecta,Diptera,Dolichopodidae,Dolichopus,NA,sklearn
78706ba624c5dfb03f1893c785c08f6e,Insecta,Diptera,Dolichopodidae,Gymnopternus,Gymnopternus vockerothi,sklearn
a02de0354d77343fb37b859c6060f08c,Insecta,Diptera,Dolichopodidae,NA,NA,sklearn
7c23eb81bb14b6c484061b072c6b6af1,Insecta,Diptera,Dolichopodidae,NA,NA,VSEARCH
f449564e1a032502cb3cd473f03aaa9f,Insecta,Diptera,Dolichopodidae,NA,NA,VSEARCH
24e7d3f659f8cd82c38b3a964891fe88,Insecta,Diptera,Dolichopodidae,NA,NA,VSEARCH
1deb36f3df2a9e599aa4428e21d40371,Insecta,Diptera,Dolichopodidae,NA,NA,VSEARCH
1160080909dfa58494a255a44b8a08a4,Insecta,Diptera,Dolichopodidae,NA,NA,VSEARCH
bd1f1a71d7fb78f76193ba2087569c59,Insecta,Diptera,Drosophilidae,Drosophila,Drosophila suzukii,VSEARCH
13066b8607fec8897c48597a7be9797d,Insecta,Diptera,Drosophilidae,Drosophila,Drosophila tripunctata,sklearn
d2b3d42218f169c650b06b929685dcee,Insecta,Diptera,Drosophilidae,Drosophila,Drosophila tripunctata,VSEARCH
1470bf318a4a113091bff81410e4a084,Insecta,Diptera,Drosophilidae,Leucophenga,Leucophenga varia,sklearn
74931840f9f3047a87dee266b058af2f,Insecta,Diptera,Drosophilidae,Scaptomyza,NA,VSEARCH
ae93808a83f4d77eabd365f54974d964,Insecta,Diptera,Drosophilidae,Zaprionus,Zaprionus indianus,VSEARCH
f248ec4741357ca401229d4735beca04,Insecta,Diptera,Fanniidae,Fannia,NA,VSEARCH
b70824fa1295d3f86118757ad89f45c4,Insecta,Diptera,Keroplatidae,NA,NA,sklearn
480ee879e575de77402ea527f8081086,Insecta,Diptera,Keroplatidae,NA,NA,VSEARCH
f1f65ba7057eea2fe69844ddf57796df,Insecta,Diptera,Keroplatidae,NA,NA,VSEARCH
11d5c68c5baf257fdf60a89c5332b6b4,Insecta,Diptera,Keroplatidae,NA,NA,VSEARCH
351930d8cd8667bf72da89f1643d5ce6,Insecta,Diptera,Keroplatidae,NA,NA,VSEARCH
9f8d32e50f20efcbb32a5ed516450896,Insecta,Diptera,Limoniidae,Dicranomyia,Dicranomyia halterella,sklearn
7ab9b717eec9ce5d1551dbdece2f980b,Insecta,Diptera,Limoniidae,Dicranomyia,NA,VSEARCH
92855ba17a120ef7125c4b04e80594b3,Insecta,Diptera,Limoniidae,Dicranomyia,NA,VSEARCH
b2ecff77f6b42ac0d5bd5c94279a2acf,Insecta,Diptera,Limoniidae,Dicranomyia,NA,VSEARCH
3c609b09a9541cf0fceb505c6591fc3d,Insecta,Diptera,Limoniidae,Elephantomyia,Elephantomyia westwoodi,sklearn
287b84541b924f5e9370c5a3ec91ba8e,Insecta,Diptera,Limoniidae,Elephantomyia,Elephantomyia westwoodi,sklearn
8fe7d3b9d9aaa681a8d9c83fd477a411,Insecta,Diptera,Limoniidae,Epiphragma,Epiphragma solatrix,sklearn
db69205c5925000dc665bae0626ce003,Insecta,Diptera,Limoniidae,Epiphragma,Epiphragma solatrix,sklearn
7c3e9db8e9e5c25f6a1033c1b6818951,Insecta,Diptera,Limoniidae,Epiphragma,Epiphragma solatrix,sklearn
4506f0ffff8799b2a66ad8293021269f,Insecta,Diptera,Limoniidae,Epiphragma,Epiphragma solatrix,sklearn
ee428b867f1c0aa2d56e7c61d744bf56,Insecta,Diptera,Limoniidae,Epiphragma,Epiphragma solatrix,VSEARCH
d18b9b0d9c0501fc4310fd74dbfc5a16,Insecta,Diptera,Limoniidae,Erioptera,Erioptera caliptera,VSEARCH
2cb1de3501e777c8646d1537f59cbb6d,Insecta,Diptera,Limoniidae,Erioptera,Erioptera parva,sklearn
2d353a83349dd42779d146cf294a6784,Insecta,Diptera,Limoniidae,Erioptera,Erioptera parva,sklearn
eb44ed3a034b445b277cb419b2f3f8f6,Insecta,Diptera,Limoniidae,Erioptera,Erioptera parva,sklearn
683e5689b11bdaa4e93e3459d7eefb93,Insecta,Diptera,Limoniidae,Erioptera,Erioptera parva,sklearn
15079cdeaafdbf7cf646b2d0830afaac,Insecta,Diptera,Limoniidae,Erioptera,Erioptera parva,sklearn
ec9f778e07d02dc320e539cbb9c5fd53,Insecta,Diptera,Limoniidae,Erioptera,Erioptera parva,sklearn
a95803e6e09fea929e20c488223f7190,Insecta,Diptera,Limoniidae,Erioptera,Erioptera parva,sklearn
adae6ce867dab35ee58ddc6bf9e5b8fa,Insecta,Diptera,Limoniidae,Erioptera,Erioptera parva,sklearn
4622cb135cf309852ac4289aacbb7f5b,Insecta,Diptera,Limoniidae,Erioptera,Erioptera parva,VSEARCH
707a0acd301f65f34121536c3bc6453a,Insecta,Diptera,Limoniidae,Geranomyia,NA,sklearn
b68316922984be5306f1f3174d14d482,Insecta,Diptera,Limoniidae,Gonomyia,NA,sklearn
38dbe950a88a0d6f89c7e2706ee47e81,Insecta,Diptera,Limoniidae,Gonomyia,NA,sklearn
a2946c49459b0dc6d85ca0c735cf7258,Insecta,Diptera,Limoniidae,Gonomyia,NA,sklearn
76ca6e4b2f8824db2839c0ef1a55681b,Insecta,Diptera,Limoniidae,Helius,Helius flavipes,sklearn
3c5423c213cf0027257b844a9c89b19d,Insecta,Diptera,Limoniidae,Helius,Helius flavipes,VSEARCH
0bfa7567ba51c6f70fafb0695ca58818,Insecta,Diptera,Limoniidae,Limonia,Limonia immatura,sklearn
4fef3e9b0b1c2f9e1123cda65ccc2b4d,Insecta,Diptera,Limoniidae,Metalimnobia,Metalimnobia cinctipes,VSEARCH
ad391eb106916a87b0f1f98a9d6bee2d,Insecta,Diptera,Limoniidae,Metalimnobia,Metalimnobia novaeangliae,VSEARCH
0800bfd0a4fdce8c3928b79bc5cf1698,Insecta,Diptera,Limoniidae,Metalimnobia,Metalimnobia triocellata,VSEARCH
d7898d8b25be2c9e8900fd6115b1cc52,Insecta,Diptera,Limoniidae,Pilaria,NA,VSEARCH
d4cf38553871750e07d9a8f96bb1edda,Insecta,Diptera,Limoniidae,Pseudolimnophila,Pseudolimnophila luteipennis,sklearn
5de3561d0678cab60254faabd6523a83,Insecta,Diptera,Limoniidae,Pseudolimnophila,Pseudolimnophila luteipennis,sklearn
b678cf9ce2297b9e057d0d8962ce20b7,Insecta,Diptera,Limoniidae,Pseudolimnophila,Pseudolimnophila luteipennis,sklearn
415b250e1a7abcb2deb77fdfb6172a6b,Insecta,Diptera,Limoniidae,Rhipidia,NA,sklearn
68b467c1b5a07faca9412c38f779f507,Insecta,Diptera,Limoniidae,Rhipidia,NA,VSEARCH
3cfeeb16701da023d483c4bca6e37a3e,Insecta,Diptera,Limoniidae,Rhipidia,NA,VSEARCH
b43b4a4bed388012847e5b5f5b0f97c8,Insecta,Diptera,Limoniidae,Rhipidia,NA,VSEARCH
614fd2953760447a52e9675656bbe7bd,Insecta,Diptera,Limoniidae,Symplecta,Symplecta cana,VSEARCH
b036dc314d747c0b0e055952ea4ad23f,Insecta,Diptera,Limoniidae,NA,NA,sklearn
89e5597a9643af8cc7fe80ac924b8d76,Insecta,Diptera,Limoniidae,NA,NA,VSEARCH
d09ef41d1622e1fea5270ef0b6b8617e,Insecta,Diptera,Limoniidae,NA,NA,VSEARCH
c0ba220cf5cce50c45e4b4eacbc601a7,Insecta,Diptera,Limoniidae,NA,NA,VSEARCH
26a257f94e8e6109221965efdbf26392,Insecta,Diptera,Limoniidae,NA,NA,VSEARCH
c913c52a14570ab78cfcd7fc6c4f1c98,Insecta,Diptera,Limoniidae,NA,NA,VSEARCH
19c7fb4fd8d5fd98923f0011765d8f5e,Insecta,Diptera,Limoniidae,NA,NA,VSEARCH
c5b4907aa864d6de4d910509d88c3bfb,Insecta,Diptera,Limoniidae,NA,NA,VSEARCH
6534fb9982890a37ca261176085a9228,Insecta,Diptera,Limoniidae,NA,NA,VSEARCH
a78d76510e14467d5fa75c8a5b35ba05,Insecta,Diptera,Milichiidae,Phyllomyza,NA,sklearn
bb3fc61111713aa35d1c617af7702ec6,Insecta,Diptera,Muscidae,Atherigona,NA,VSEARCH
2ecaccf843d7da15a2305aaf30e66dfd,Insecta,Diptera,Muscidae,Coenosia,NA,VSEARCH
28e09fa3855c91a9796028a47414018f,Insecta,Diptera,Muscidae,Neodexiopsis,Neodexiopsis rufitibia,VSEARCH
4a5fa353297ce8061f2ad48ce3f134c9,Insecta,Diptera,Muscidae,Phaonia,NA,VSEARCH
3c0b5abe297ec4205b5a9c3e23d668e1,Insecta,Diptera,Muscidae,Potamia,Potamia littoralis,sklearn
e82abdcb7039e1d9a2086484dffc56cf,Insecta,Diptera,Mycetophilidae,Clastobasis,NA,VSEARCH
171f69cb54dc4814fd0f4f5d743350c6,Insecta,Diptera,Mycetophilidae,Greenomyia,NA,VSEARCH
e64cd5f2d8f21ef4e49e6fb964e6465c,Insecta,Diptera,Mycetophilidae,Leia,NA,VSEARCH
73a607c82053f96451cbdc5ec92526a0,Insecta,Diptera,Mycetophilidae,Mycetophila,NA,VSEARCH
348160f34df202c12615a5ef3aca299d,Insecta,Diptera,Mycetophilidae,Mycomya,Mycomya winnertzi,sklearn
81cb170aad8bc26d76097494f731af11,Insecta,Diptera,Mycetophilidae,Mycomya,Mycomya winnertzi,sklearn
213f691b7af11694ab9c443f8cde76a1,Insecta,Diptera,Mycetophilidae,Mycomya,Mycomya winnertzi,sklearn
f44d978be5a40a6f303d59cc65950ad5,Insecta,Diptera,Mycetophilidae,Mycomya,Mycomya winnertzi,sklearn
73b35197af1c6f04eb066eb0206502cc,Insecta,Diptera,Mycetophilidae,Neoempheria,NA,sklearn
d50de33588f7ba0f6397e3feb5180363,Insecta,Diptera,Mycetophilidae,Zygomyia,NA,VSEARCH
9a866dba5d1e39293a6ee66362c9b831,Insecta,Diptera,Mycetophilidae,NA,NA,sklearn
bb3f594d54196c074dc948aef837efb5,Insecta,Diptera,Mycetophilidae,NA,NA,VSEARCH
f070442ac434d34f4e7397a33f4da010,Insecta,Diptera,Mydidae,Apiophora,Apiophora quadricinctata,sklearn
033f89ea102d57cdb3ff8bd048c9ef25,Insecta,Diptera,Phoridae,NA,NA,sklearn
aef290281fbb5168ecb55e1136f17d6d,Insecta,Diptera,Phoridae,NA,NA,sklearn
1e378ac8c4b09e7f5ca4b862a419beca,Insecta,Diptera,Pipunculidae,Cephalops,NA,VSEARCH
33427dd3b3546ef309d9a46cf55bcb06,Insecta,Diptera,Pipunculidae,Chalarus,NA,VSEARCH
77e8f75ef7548ade4b796d53ff18df74,Insecta,Diptera,Pipunculidae,Chalarus,NA,VSEARCH
57596a53ee0bb48e2bb30f3af3bd7a65,Insecta,Diptera,Psychodidae,Psychoda,Psychoda alternata,VSEARCH
33d26b3da645085d58bdd3b7c24ee68d,Insecta,Diptera,Psychodidae,NA,NA,sklearn
8cf1467652c52df3f4a2e7f638cfe744,Insecta,Diptera,Psychodidae,NA,NA,sklearn
5b29ad47f9ba0c76c54a900113531142,Insecta,Diptera,Psychodidae,NA,NA,sklearn
b0c4de8c62edbae4e6ff051a2cc68aeb,Insecta,Diptera,Psychodidae,NA,NA,VSEARCH
a8aa5d9867898f94aff603ed14ac503a,Insecta,Diptera,Psychodidae,NA,NA,VSEARCH
a1f3a2e90c82020c387762fc55ffa200,Insecta,Diptera,Psychodidae,NA,NA,VSEARCH
74c90a69d8a0572a287741e650f56d6a,Insecta,Diptera,Psychodidae,NA,NA,VSEARCH
2c7fcd6bda2a5bbf7bcc52fff86d4d0f,Insecta,Diptera,Sarcophagidae,Ravinia,Ravinia derelicta,VSEARCH
662b4532d3c70ed1f26c895a2a1be92d,Insecta,Diptera,Sarcophagidae,Ravinia,Ravinia stimulans,VSEARCH
4e2f6230283b2be02f59d05a80ff4c4a,Insecta,Diptera,Sciaridae,Cratyna,Cratyna fulvicauda,sklearn
78d366a5fe992fcde0435163ef7828cf,Insecta,Diptera,Sciaridae,Scatopsciara,Scatopsciara simillima,sklearn
95854d0fdd1e5921e10c05f43a0bfdfe,Insecta,Diptera,Sciaridae,NA,NA,sklearn
6269e83ac7127af0b26acc5ee508bb18,Insecta,Diptera,Sciomyzidae,Atrichomelina,Atrichomelina pubera,VSEARCH
1bebd26bce5017ca5066651585e2157e,Insecta,Diptera,Stratiomyidae,Oxycera,Oxycera albovittata,sklearn
5ae69dd9d361c38938c4be2c907412d5,Insecta,Diptera,Stratiomyidae,NA,NA,VSEARCH
701887d96e17206a36eaa2f86b931720,Insecta,Diptera,Tabanidae,Chrysops,Chrysops scalaratus,sklearn
75ee6aad1a16fa358fc464ac3c2d5911,Insecta,Diptera,Tabanidae,Chrysops,NA,sklearn
857ec0ef022f834f7034ef82b9ebc789,Insecta,Diptera,Tabanidae,Chrysops,NA,sklearn
79987c40fbcbddefa52df475689a1cbd,Insecta,Diptera,Tabanidae,Chrysops,NA,sklearn
1f81c557633089ebb36d9abbbb0dd3b3,Insecta,Diptera,Tabanidae,Chrysops,NA,sklearn
0b1fdd1e5d421172579de3a11301e0b0,Insecta,Diptera,Tabanidae,Chrysops,NA,sklearn
4be79c66b171ff17ce724bb0bfb9d846,Insecta,Diptera,Tabanidae,Chrysops,NA,sklearn
40fc9e35a3c8204153974617e692a770,Insecta,Diptera,Tabanidae,Chrysops,NA,sklearn
e5a1d030d30efce0a679d63b0f693ebc,Insecta,Diptera,Tabanidae,Chrysops,NA,sklearn
27796fb6d0f162d48096cf8f9f39e14f,Insecta,Diptera,Tabanidae,Chrysops,NA,sklearn
a0a3c37ae470dd68adb932f412c6eff5,Insecta,Diptera,Tabanidae,Chrysops,NA,sklearn
6165c3e31eeefb9d84e293621bd7d29a,Insecta,Diptera,Tabanidae,Chrysops,NA,sklearn
8518ff51edccf6bc137a324932786756,Insecta,Diptera,Tabanidae,Chrysops,NA,sklearn
8129e686ffaa25398009efd71c920b84,Insecta,Diptera,Tabanidae,Chrysops,NA,sklearn
71092746703b5269d0f0f719364836e6,Insecta,Diptera,Tabanidae,Chrysops,NA,sklearn
92131bcb99126d6caed402722eb57e45,Insecta,Diptera,Tabanidae,Chrysops,NA,sklearn
1b0979db4b117b5f18f667421989dd6a,Insecta,Diptera,Tabanidae,Tabanus,Tabanus atratus,VSEARCH
11d3eaa0ae0e01453245a06eeccad308,Insecta,Diptera,Tabanidae,Tabanus,Tabanus claripennis,sklearn
d3c1c128b6439c299510971dbd2d6404,Insecta,Diptera,Tabanidae,Tabanus,Tabanus claripennis,sklearn
6c217eeba70df794b7dc4d06d6a9e08f,Insecta,Diptera,Tabanidae,Tabanus,Tabanus claripennis,sklearn
68199753c6816f36f9c1e803768089bc,Insecta,Diptera,Tabanidae,Tabanus,Tabanus claripennis,sklearn
665113547e98422f52ef97736afcdccd,Insecta,Diptera,Tabanidae,Tabanus,Tabanus dorsifer,sklearn
9333dd0039cca5f8971e32f3d3badb2d,Insecta,Diptera,Tabanidae,Tabanus,Tabanus similis,VSEARCH
d4aa1704bc85aca2c0e1e898e5586c0d,Insecta,Diptera,Tabanidae,Tabanus,NA,sklearn
c377e3819be592b568fa242d64651ea5,Insecta,Diptera,Tabanidae,Tabanus,NA,sklearn
e2ad07f2fe180f74789d19765388e1d6,Insecta,Diptera,Tabanidae,Tabanus,NA,sklearn
b1b174d92fe684b26a3959250ffc8953,Insecta,Diptera,Tabanidae,Tabanus,NA,sklearn
985fb84dedc559df91b2e5d595aba129,Insecta,Diptera,Tabanidae,Tabanus,NA,sklearn
47fada895b295f10836ccb7d0d25ac06,Insecta,Diptera,Tabanidae,Tabanus,NA,sklearn
b2ad6a6acadcf77778f66b80aa3af9b1,Insecta,Diptera,Tabanidae,Tabanus,NA,sklearn
6a6c9fecaf015a234d4001ae5116e0b2,Insecta,Diptera,Tabanidae,Tabanus,NA,VSEARCH
30d2ab227bd5b02179eb83fe8c46dbce,Insecta,Diptera,Tabanidae,NA,NA,sklearn
02fcead996ea330edfe9931ac0221c97,Insecta,Diptera,Tabanidae,NA,NA,sklearn
9c1759410185e12aa041d91bef2484d5,Insecta,Diptera,Tabanidae,NA,NA,VSEARCH
21e773ee0e699b392d06f88e1725b2e8,Insecta,Diptera,Tabanidae,NA,NA,VSEARCH
856f450208684c1c8690367fb85bb11a,Insecta,Diptera,Tabanidae,NA,NA,VSEARCH
d4f7bc45628a70af0b70d9926756e72a,Insecta,Diptera,Tachinidae,Chetogena,Chetogena scutellarisDHJ02,VSEARCH
e8b3484d07a0fdeeca033d8868002e8d,Insecta,Diptera,Tachinidae,Cholomyia,Cholomyia inaequipes,VSEARCH
8143fa1e9d1b65f431a1acbe2d3d6e79,Insecta,Diptera,Tachinidae,Lespesia,NA,sklearn
da087a0698a2b2eb7084fe8933c7d1ac,Insecta,Diptera,Tachinidae,Lixophaga,Lixophaga sp. JOS2012,sklearn
2f0708f15bb6d21833cfa6264764bf51,Insecta,Diptera,Tachinidae,Paradidyma,NA,sklearn
8a8a36bcce3896f294e9f15daf7a1b6d,Insecta,Diptera,Tachinidae,Phytomyptera,Phytomyptera melissopodis,VSEARCH
bb7644f8ba20c5cae13d131ecce18315,Insecta,Diptera,Tachinidae,NA,NA,sklearn
496eb2f9bddcadf8248f278081602582,Insecta,Diptera,Tachinidae,NA,NA,sklearn
2a4606d749cc2f1c1ee7c3b6cec17cb4,Insecta,Diptera,Tachinidae,NA,NA,VSEARCH
0a0738e5f997b9a08972f49ced993d93,Insecta,Diptera,Tipulidae,Brachypremna,NA,sklearn
7ba33d26e2dc89f3ec986b3ace70e76c,Insecta,Diptera,Tipulidae,Brachypremna,NA,VSEARCH
8961f4df1f949b7e12d32e90956a6511,Insecta,Diptera,Tipulidae,Dolichopeza,Dolichopeza tridenticulata,sklearn
fc9e3d2647c8f3283af4bca6e2960cad,Insecta,Diptera,Tipulidae,Dolichopeza,Dolichopeza walleyi,sklearn
2060f661322c11c0e10b4609da19fdcb,Insecta,Diptera,Tipulidae,Nephrotoma,Nephrotoma alterna,sklearn
c4b11b5810a8739d81686e4330b82b12,Insecta,Diptera,Tipulidae,Nephrotoma,Nephrotoma ferruginea,sklearn
a1a6f3a552a455bb4bd84f0b02ff3279,Insecta,Diptera,Tipulidae,Nephrotoma,Nephrotoma ferruginea,sklearn
67571657f9bc42a71d6c402661be1d97,Insecta,Diptera,Tipulidae,Nephrotoma,Nephrotoma ferruginea,VSEARCH
5535a0445f0308724d8d35746e76f68d,Insecta,Diptera,Tipulidae,Nephrotoma,Nephrotoma ferruginea,VSEARCH
afb9261a397d3803ededbc877409f804,Insecta,Diptera,Tipulidae,Nephrotoma,Nephrotoma glabricristata,sklearn
ec302cf1d37458d517013720fc93f32e,Insecta,Diptera,Tipulidae,Nephrotoma,Nephrotoma glabricristata,sklearn
87f24093f403558374c82333fb13a2da,Insecta,Diptera,Tipulidae,Nephrotoma,Nephrotoma glabricristata,sklearn
8b79c3f59fd520aeb1e6e134baf51d23,Insecta,Diptera,Tipulidae,Nephrotoma,Nephrotoma macrocera,VSEARCH
190ab3993d54d0eb9f0262c75311072e,Insecta,Diptera,Tipulidae,Nephrotoma,Nephrotoma okefenoke,sklearn
c415501bdf3b3c215bee406bcfdab452,Insecta,Diptera,Tipulidae,Nephrotoma,NA,sklearn
f37ca00c1459bc901c15329d30c40e3f,Insecta,Diptera,Tipulidae,Tipula,Tipula abdominalis,VSEARCH
ac65e0d9f9935a269d4b658ae1db036f,Insecta,Diptera,Tipulidae,Tipula,Tipula coloradensis,VSEARCH
57495f6b5ee0af5b96a2985b762c7018,Insecta,Diptera,Tipulidae,Tipula,Tipula duplex,sklearn
bab60aa7fa012ba1fd25e120cba8a60c,Insecta,Diptera,Tipulidae,Tipula,Tipula furca,VSEARCH
dcdf3c266112b0137ebecedba4b056fb,Insecta,Diptera,Tipulidae,Tipula,Tipula peliostigma,sklearn
29709685913bbb5b5c696c5921f1f7ab,Insecta,Diptera,Tipulidae,Tipula,Tipula sayi,sklearn
c3b94325e9cbad74da0a3b587304ae15,Insecta,Diptera,Tipulidae,Tipula,Tipula sayi,VSEARCH
a3155e7fc098b3a5dd5a54e0b6b41ccf,Insecta,Diptera,Tipulidae,Tipula,Tipula stonei,sklearn
9b3e73470b8140976485a72130936167,Insecta,Diptera,Tipulidae,Tipula,NA,sklearn
42c8c6b3c3980d589e248093c798a447,Insecta,Diptera,Tipulidae,Tipula,NA,sklearn
df3787322072e329ea374fd581233d3c,Insecta,Diptera,Tipulidae,Tipula,NA,sklearn
5d0f4b408c4e5344fe001c6c08b7aec4,Insecta,Diptera,Tipulidae,Tipula,NA,sklearn
2a6710decabdcd918474630496107bc2,Insecta,Diptera,Tipulidae,Tipula,NA,sklearn
a1d1357a0c3639b99e41a67851a44f0d,Insecta,Diptera,Tipulidae,Tipula,NA,sklearn
0a6765ef795d0f2e0797ac05e55b6775,Insecta,Diptera,Tipulidae,Tipula,NA,sklearn
5b780190c641ac77cdfb01c81f37504b,Insecta,Diptera,Tipulidae,Tipula,NA,sklearn
6dbaa6b79bec7c78991a20a9a6559dbb,Insecta,Diptera,Tipulidae,Tipula,NA,sklearn
f8c9b22e71294adbd6411bbd91c92a4b,Insecta,Diptera,Tipulidae,Tipula,NA,sklearn
41333bbc78343f110608ce169eb24564,Insecta,Diptera,Tipulidae,Tipula,NA,sklearn
57bd6913e700848528ce64ba47e39416,Insecta,Diptera,Tipulidae,Tipula,NA,sklearn
f95fbc56c37e7479e8ecc16169f6e10f,Insecta,Diptera,Tipulidae,Tipula,NA,sklearn
3b33ae213b674027bffa931be7730a3b,Insecta,Diptera,Tipulidae,Tipula,NA,sklearn
082aa19f88cfa3f7531b69e5ac0c133f,Insecta,Diptera,Tipulidae,NA,NA,sklearn
3bf47fdd8bf1a079a12bb39e397bd8cd,Insecta,Diptera,Tipulidae,NA,NA,sklearn
354841c03639b1ef5e619cd56927d238,Insecta,Diptera,Tipulidae,NA,NA,sklearn
87d17021941af67ddc5d81003e2e1dee,Insecta,Diptera,Tipulidae,NA,NA,sklearn
0bf1141ed9003af7d6966a6058e877cd,Insecta,Diptera,Tipulidae,NA,NA,sklearn
110723ace5af5b2f278246f6ced96e17,Insecta,Diptera,Xylomyidae,Solva,NA,sklearn
53fb375d0c3b52580912812f2a0f7389,Insecta,Ephemeroptera,Baetidae,Callibaetis,Callibaetis pretiosus,sklearn
ce282abacec41d18731c8530ef80d804,Insecta,Ephemeroptera,Heptageniidae,Maccaffertium,Maccaffertium exiguum,sklearn
22d6941e40741a993930e52eda93b955,Insecta,Ephemeroptera,Heptageniidae,Stenacron,Stenacron interpunctatum,VSEARCH
fefa053b7f5758d32bb5779cc97c5bd9,Insecta,Ephemeroptera,Palingeniidae,Pentagenia,Pentagenia vittigera,VSEARCH
910cbd756a035fb73698d8bdc802ebab,Insecta,Hemiptera,Acanaloniidae,Acanalonia,NA,VSEARCH
52280933d229f35d99636e094c2019dc,Insecta,Hemiptera,Alydidae,Alydus,NA,VSEARCH
ff99646ba2337e48b85e31dae102123a,Insecta,Hemiptera,Aphididae,Grylloprociphilus,Grylloprociphilus imbricator,VSEARCH
a5a7a4f52ab74926edf11e1e31fcdd59,Insecta,Hemiptera,Aphididae,Pemphigus,Pemphigus populitransversus,VSEARCH
f66f9d30e09705ad99c1e59ef4f1f2fa,Insecta,Hemiptera,Aphididae,Pemphigus,NA,VSEARCH
80390a7af7020a59a4f7d596f83a531c,Insecta,Hemiptera,Aphididae,Rhopalosiphum,NA,VSEARCH
fd70c0323f24080341e0032def754aee,Insecta,Hemiptera,Aphididae,Shivaphis,Shivaphis celti,VSEARCH
fabc1aa4e56bb5d264e91ae936c12ce7,Insecta,Hemiptera,Aphididae,Sitobion,Sitobion avenae,VSEARCH
cce7db963c6a16ecbdfdb3c02545d9d2,Insecta,Hemiptera,Aphididae,NA,NA,VSEARCH
153b8de33231a3512d363e6288783ded,Insecta,Hemiptera,Aphididae,NA,NA,VSEARCH
223cdadffc28eb3f856f47b435dfd1c5,Insecta,Hemiptera,Cicadellidae,Draeculacephala,NA,sklearn
0e36e2b1cf84f85018668f7746d757b9,Insecta,Hemiptera,Cicadellidae,Eratoneura,NA,VSEARCH
47b2fd12f3c165ed18c47b1e9379db35,Insecta,Hemiptera,Cicadellidae,Gyponana,NA,sklearn
76dc8113bc421a8c4e861d8b1fabc3cf,Insecta,Hemiptera,Cicadellidae,Gyponana,NA,sklearn
8079ac93ee95ab3db45bd828fdf12121,Insecta,Hemiptera,Cicadellidae,Gyponana,NA,sklearn
a0982513790e7977872ef374424d3906,Insecta,Hemiptera,Cicadellidae,Gyponana,NA,sklearn
0c0d731472f9f9d82095fb3f79185424,Insecta,Hemiptera,Cicadellidae,Gyponana,NA,sklearn
60ac591752556e74ab393a5e261d7e48,Insecta,Hemiptera,Cicadellidae,Gyponana,NA,sklearn
9028abc1ef6f6a21c58ff7ae47b8a4fc,Insecta,Hemiptera,Cicadellidae,Gyponana,NA,sklearn
ef713330d7984d21d8c3dab5d227b28d,Insecta,Hemiptera,Cicadellidae,Gyponana,NA,sklearn
b2082c87b68b005079dd3a028f078565,Insecta,Hemiptera,Cicadellidae,Gyponana,NA,sklearn
c6c81fb7cf06d55b5db0bee06b049e24,Insecta,Hemiptera,Cicadellidae,Gyponana,NA,sklearn
55312c4a5c61d920c37f44f9f1a0f384,Insecta,Hemiptera,Cicadellidae,Gyponana,NA,sklearn
d2ade4fa3cd4e9d487f9dc3ef1654de3,Insecta,Hemiptera,Cicadellidae,Gyponana,NA,sklearn
fa5a0978ba6ad79ced321516aac6d82c,Insecta,Hemiptera,Cicadellidae,Gyponana,NA,sklearn
3068cb02f109eb4266dd82f2a1ab852f,Insecta,Hemiptera,Cicadellidae,Gyponana,NA,sklearn
4f66929241a2a781103b930d791f3aff,Insecta,Hemiptera,Cicadellidae,Gyponana,NA,sklearn
89fb8569ed91918c1f82c3df670d9acc,Insecta,Hemiptera,Cicadellidae,Gyponana,NA,sklearn
939e768b64a8ab16134780f9dc76018e,Insecta,Hemiptera,Cicadellidae,Gyponana,NA,VSEARCH
c2cb94c95e32a93a61c9edca37f7909a,Insecta,Hemiptera,Cicadellidae,Gyponana,NA,VSEARCH
a50ea4b8de3fc8320dcee4d558417828,Insecta,Hemiptera,Cicadellidae,Ponana,Ponana puncticollis,VSEARCH
e0d6c9db68217024fd2d6fe8cf3344ef,Insecta,Hemiptera,Cicadellidae,Ponana,NA,sklearn
0496512031c452e89193fff9e15a886f,Insecta,Hemiptera,Cicadellidae,Scaphoideus,NA,sklearn
b60acf9710e229af30063621769d8274,Insecta,Hemiptera,Cicadellidae,Scaphoideus,NA,VSEARCH
c93175cbbcb481b86e3010e2bc09848e,Insecta,Hemiptera,Cicadellidae,NA,NA,sklearn
027cdc8c92ecac4a0a543367c39e5e18,Insecta,Hemiptera,Cicadellidae,NA,NA,sklearn
4fbb8481453c2d804d22f3973bacad46,Insecta,Hemiptera,Cicadellidae,NA,NA,VSEARCH
83e4473abf73f22cf6433778bf00f5c0,Insecta,Hemiptera,Cimicidae,Cimex,Cimex adjunctus,sklearn
3b0cd4fcc298d74e2d0b84a0af4f3451,Insecta,Hemiptera,Cimicidae,Cimex,Cimex adjunctus,sklearn
d699b0cca311d1afa323046cda0c08b8,Insecta,Hemiptera,Corixidae,Corisella,Corisella edulis,VSEARCH
0333589362a8751a70fa62d1faf99905,Insecta,Hemiptera,Corixidae,Trichocorixa,NA,VSEARCH
53bc80063cc97759bbdf7cdfc7891556,Insecta,Hemiptera,Delphacidae,Pissonotus,Pissonotus flabellatus,sklearn
25d6c795fa3ae676b9b4947fa1e43841,Insecta,Hemiptera,Delphacidae,Pissonotus,Pissonotus flabellatus,sklearn
b8489ea75f8ebfec420215604455feb3,Insecta,Hemiptera,Derbidae,Apache,Apache degeerii,sklearn
1bc4636504cd5c17aba61eed5eb99ee1,Insecta,Hemiptera,Derbidae,Apache,Apache degeerii,VSEARCH
15336333aa04180b40aef87c380230b7,Insecta,Hemiptera,Derbidae,Omolicna,Omolicna uhleri,VSEARCH
cb915d42ca87b216968edc1a8c6a8dde,Insecta,Hemiptera,Derbidae,Otiocerus,Otiocerus signoretii,VSEARCH
002eaa5ab00d8938b1c91dd4575dd111,Insecta,Hemiptera,Derbidae,Otiocerus,Otiocerus wolfei,sklearn
2ea6d734be35da244a5742ac3bded746,Insecta,Hemiptera,Derbidae,Patara,Patara vanduzeei,sklearn
9b9c0238bfb28edb2cddb188980bfb9f,Insecta,Hemiptera,Flatidae,NA,NA,VSEARCH
042ecda76e59e5fb7a278fd96beb8e6f,Insecta,Hemiptera,Issidae,Thionia,Thionia bullata,sklearn
93ad94696c5105c103f39960572372c4,Insecta,Hemiptera,Miridae,Blepharidopterus,Blepharidopterus provancheri,VSEARCH
a4e2994f0abe45241cbddb7261802b96,Insecta,Hemiptera,Miridae,Blepharidopterus,Blepharidopterus provancheri,VSEARCH
b99f14d43e42ce6cb36b5a198365f69d,Insecta,Hemiptera,Miridae,Deraeocoris,Deraeocoris nebulosus,VSEARCH
e93ce5231cdec685532a42bc68786ba7,Insecta,Hemiptera,Miridae,Hyaliodes,Hyaliodes harti,VSEARCH
bbae7b04e836d80b79220481d201a293,Insecta,Hemiptera,Miridae,Hyaliodes,Hyaliodes vitripennis,sklearn
f05866451ab0920cd0cc67b4b45fd5a0,Insecta,Hemiptera,Miridae,Hyaliodes,Hyaliodes vitripennis,VSEARCH
6e9d4eb6a62022763fbd59df39ede833,Insecta,Hemiptera,Miridae,Lygus,Lygus lineolaris,VSEARCH
379ff1bbfe5b0957f074acc863f5b99c,Insecta,Hemiptera,Miridae,Neurocolpus,Neurocolpus nubilus,VSEARCH
e019e08d18bba8f755a8b03475e92432,Insecta,Hemiptera,Miridae,Neurocolpus,NA,sklearn
e162b3c8e049d87a51556d7319377d9d,Insecta,Hemiptera,Miridae,Neurocolpus,NA,sklearn
00b769e021e8f74979b08d3114f0d4d5,Insecta,Hemiptera,Miridae,Phytocoris,Phytocoris eximius,VSEARCH
3737a212e0e8a7fe0e592eec71d97aab,Insecta,Hemiptera,Miridae,Phytocoris,Phytocoris puella,sklearn
d4d08df82546fda53244fbb2ae81ea7d,Insecta,Hemiptera,Miridae,Phytocoris,NA,sklearn
ff65c203814a3af5231f0ef0b2f0123e,Insecta,Hemiptera,Miridae,Phytocoris,NA,sklearn
7702d28e4ae25bdbc0368b5c878fddef,Insecta,Hemiptera,Miridae,Pilophorus,Pilophorus neoclavatus,sklearn
c195ead6ff56c75681f17002e4ce0110,Insecta,Hemiptera,Miridae,Pilophorus,Pilophorus setiger,sklearn
26ad26e95d23d663321d9ba43d5a9267,Insecta,Hemiptera,Miridae,Reuteria,NA,sklearn
0526ab66fcdedb01e8ea14b368880d3d,Insecta,Hemiptera,Miridae,Tropidosteptes,Tropidosteptes amoenus,VSEARCH
57120688a76e6cb9db7140c728238266,Insecta,Hemiptera,Miridae,NA,NA,sklearn
85e3830144fde436abc5001b550f78eb,Insecta,Hemiptera,Miridae,NA,NA,sklearn
f63d71466ff67878259ff6d720864e7a,Insecta,Hemiptera,Miridae,NA,NA,sklearn
65fa6d7e1ef017df8db7cfd342f9395e,Insecta,Hemiptera,Miridae,NA,NA,sklearn
e5e569dbc2c9b488f21acec8a0733fbc,Insecta,Hemiptera,Miridae,NA,NA,sklearn
9b0f6241be2cfcedcd35fc5c1d38ca08,Insecta,Hemiptera,Miridae,NA,NA,sklearn
27c3fdaf4785d3747bdddc4a98b2c6ac,Insecta,Hemiptera,Miridae,NA,NA,sklearn
304163946fff3683566d79ebac8aea2c,Insecta,Hemiptera,Miridae,NA,NA,sklearn
f23227a8f30ae40942708199a0f51fb5,Insecta,Hemiptera,Miridae,NA,NA,sklearn
689d71205f33a8ccbcda8d444761f260,Insecta,Hemiptera,Miridae,NA,NA,sklearn
948fcfa135e7f19f168a4b9a664d6047,Insecta,Hemiptera,Miridae,NA,NA,sklearn
3c7749bafde060b1c813760702dde484,Insecta,Hemiptera,Miridae,NA,NA,sklearn
cfbee16896e6a5da9f4fb54e67566569,Insecta,Hemiptera,Pentatomidae,Dendrocoris,Dendrocoris humeralis,VSEARCH
35ca5ba82060ef59eea0431c2eacbd99,Insecta,Hemiptera,Phylloxeridae,Daktulosphaira,Daktulosphaira vitifoliae,VSEARCH
36cf893308ad8d773e5215072ca9159c,Insecta,Hemiptera,Phylloxeridae,Phylloxera,NA,sklearn
98e422a7782e9ceadd83319ecfc06fb1,Insecta,Hemiptera,Phylloxeridae,NA,NA,sklearn
542a2acc6db2cd825094e2af557d117e,Insecta,Hemiptera,Reduviidae,Zelus,Zelus luridus,VSEARCH
3ec5b9a973d35940852d40be0ea62877,Insecta,Hemiptera,Rhyparochromidae,Pseudopachybrachius,Pseudopachybrachius basalis,sklearn
031b5eea76efc6c4aa3570a226a17a0f,Insecta,Hemiptera,Rhyparochromidae,NA,NA,sklearn
b7d931f11ccde9be37f7746e3abbee21,Insecta,Hemiptera,Tingidae,Corythucha,NA,VSEARCH
ff08301f959a9741ce21a77121cb4b0b,Insecta,Hemiptera,Tingidae,Corythucha,NA,VSEARCH
7f20cc3fdf7b154d5c08d3db7c89fead,Insecta,Hymenoptera,Braconidae,Aleiodes,NA,sklearn
514380585695e34b2ae421d800e8fcd2,Insecta,Hymenoptera,Braconidae,Aleiodes,NA,sklearn
d57d73f6104c7ed3558572adf47ea1d9,Insecta,Hymenoptera,Braconidae,Austrozele,Austrozele Janzen03,sklearn
c7b50fa3e8094c34cbd961f8fec1774b,Insecta,Hymenoptera,Braconidae,Hymenochaonia,Hymenochaonia Whitfield04,sklearn
768e298ad5aa250fed190739828f525a,Insecta,Hymenoptera,Braconidae,Meteorus,NA,sklearn
ce22e07dd192be20600dbf2b1a522bd4,Insecta,Hymenoptera,Braconidae,Meteorus,NA,sklearn
8cb37a56eeff5644e154c25e528e50f6,Insecta,Hymenoptera,Braconidae,NA,NA,sklearn
df05cdba47b6cdef90457ae7ceefa46e,Insecta,Hymenoptera,Braconidae,NA,NA,sklearn
1be178bfc5e94cf9a0791aa75620880c,Insecta,Hymenoptera,Braconidae,NA,NA,sklearn
6616c9dcf5db365341eb3654100d1ff2,Insecta,Hymenoptera,Braconidae,NA,NA,sklearn
dc2ca875369f67460e5881217e43d32d,Insecta,Hymenoptera,Braconidae,NA,NA,sklearn
4d517b15eda94f872ec9a70fe8112a7e,Insecta,Hymenoptera,Braconidae,NA,NA,sklearn
0f3f71788592f472726874ee9197c487,Insecta,Hymenoptera,Braconidae,NA,NA,sklearn
9c1359f62e5bdbb56af80d781cec2e0c,Insecta,Hymenoptera,Braconidae,NA,NA,sklearn
b8d89230695be8decddc0dae735f1ae0,Insecta,Hymenoptera,Braconidae,NA,NA,sklearn
92ec4b84c692c4b032f196445cffe959,Insecta,Hymenoptera,Braconidae,NA,NA,sklearn
0dda79c5b0a88dd93cd5e3035c2e733f,Insecta,Hymenoptera,Braconidae,NA,NA,sklearn
24a8a155bfa44d1dd16872356273ad6c,Insecta,Hymenoptera,Braconidae,NA,NA,sklearn
13eadb8ab5154acb0d120eaeed571fac,Insecta,Hymenoptera,Diapriidae,NA,NA,VSEARCH
514fa0097a4063b821a9d37f28dbd1d6,Insecta,Hymenoptera,Dryinidae,Aphelopus,NA,sklearn
2c171beb1263b64496910ed03b2cf25d,Insecta,Hymenoptera,Eulophidae,NA,NA,sklearn
195f9746d645f6649e348f5633e6a396,Insecta,Hymenoptera,Formicidae,Aphaenogaster,NA,VSEARCH
fbf9d6211562027ea310e9fd504f5695,Insecta,Hymenoptera,Formicidae,Brachymyrmex,Brachymyrmex depilis,VSEARCH
9e6d35d1456fee5aa62006656e429c9d,Insecta,Hymenoptera,Formicidae,Formica,NA,VSEARCH
bedfc04ccca070a02d83d5b374322fa4,Insecta,Hymenoptera,Formicidae,Myrmica,NA,sklearn
ef672f9b7fe98f85b24d0d7bb969406a,Insecta,Hymenoptera,Formicidae,Pheidole,Pheidole tysoni,VSEARCH
5db19517612f26a3777f9bf35693d876,Insecta,Hymenoptera,Formicidae,Solenopsis,Solenopsis molesta,VSEARCH
cfa3bcd864c43b6d19225dfcfabd528a,Insecta,Hymenoptera,Formicidae,NA,NA,sklearn
4072b7b92a0f9ef9a14db8347dbca4c9,Insecta,Hymenoptera,Ichneumonidae,Trathala,NA,sklearn
e53bf5e731c6ee8adff526f0a3303922,Insecta,Hymenoptera,Ichneumonidae,Trathala,NA,sklearn
5e5c7f33235b6856c02a29baa13e5500,Insecta,Hymenoptera,Ichneumonidae,NA,NA,sklearn
91eedbd8015b72454054baf3cd9a250c,Insecta,Hymenoptera,Ichneumonidae,NA,NA,sklearn
af4d2344acc81bb9286746b20b3f3304,Insecta,Hymenoptera,Ichneumonidae,NA,NA,sklearn
d3e176822a1786f03d917d5da3662004,Insecta,Hymenoptera,Ichneumonidae,NA,NA,sklearn
dc4c74f5170c3af5a7a82278d95e8615,Insecta,Hymenoptera,Ichneumonidae,NA,NA,sklearn
08790b8b6f2af852514fe38b52260a07,Insecta,Hymenoptera,Ichneumonidae,NA,NA,sklearn
0a95798279873312d1c9b32e932b1120,Insecta,Hymenoptera,Ichneumonidae,NA,NA,sklearn
f81baae0f1a581a7ded69b1e6ebca4ae,Insecta,Hymenoptera,Ichneumonidae,NA,NA,sklearn
b8cbdf9130728544988167c711298ee0,Insecta,Hymenoptera,Ichneumonidae,NA,NA,sklearn
eabeefba5e6e6abe4f89cfec3dea21d3,Insecta,Hymenoptera,Ichneumonidae,NA,NA,sklearn
a07dc9eb27e63b7c55c0c0d9ac43d062,Insecta,Hymenoptera,Ichneumonidae,NA,NA,VSEARCH
509432d06d5779bba37d76c6335db957,Insecta,Hymenoptera,Ichneumonidae,NA,NA,VSEARCH
090ef9787fee7f6374a035775d1c5ac8,Insecta,Hymenoptera,Perilampidae,Perilampus,Perilampus anomocerus gr n sp. Darling1,sklearn
48fc02406191e03dec17b81dc454e802,Insecta,Hymenoptera,Perilampidae,Perilampus,Perilampus hyalinusDHJ08,sklearn
bb7e55760eb6c4271e7e7030d5963bed,Insecta,Hymenoptera,Perilampidae,Perilampus,Perilampus Janzen16,sklearn
afd1a657aba5da6a27162417cc336b2d,Insecta,Hymenoptera,Perilampidae,Perilampus,Perilampus Janzen16,sklearn
a9c3ac7f7047e9506086cf3492af8432,Insecta,Hymenoptera,Perilampidae,Perilampus,Perilampus Janzen16,sklearn
422e65df448164117d69d027610d1626,Insecta,Hymenoptera,Perilampidae,Perilampus,NA,sklearn
b8394b198be3d7c31332b82955f9aa3d,Insecta,Hymenoptera,Tenthredinidae,NA,NA,VSEARCH
3151585e31513aad0d7f8e3c18f3bd4a,Insecta,Hymenoptera,Vespidae,Monobia,Monobia quadridens,VSEARCH
d190df48e75f5e52d62ddcb4c9c19a6a,Insecta,Lepidoptera,Autostichidae,Glyphidocera,Glyphidocera dimorphella,VSEARCH
feaf444f0455212a01aea0d3fe2ee2f5,Insecta,Lepidoptera,Autostichidae,Glyphidocera,Glyphidocera juniperella,VSEARCH
c5dd9d3f7e026017b9445045c0bb2b8e,Insecta,Lepidoptera,Autostichidae,NA,NA,VSEARCH
1ca979456c4636653923abe56dcdf158,Insecta,Lepidoptera,Blastobasidae,Asaphocrita,Asaphocrita aphidiella,VSEARCH
c8f191580ddbebea83080d3dec1215b9,Insecta,Lepidoptera,Blastobasidae,Blastobasis,Blastobasis glandulella,VSEARCH
51a06bc43a9728c6f30e494e2817a7f3,Insecta,Lepidoptera,Blastobasidae,Blastobasis,Blastobasis taurusella,VSEARCH
3ac62fcf2bb88923a1070b18ca7ce25c,Insecta,Lepidoptera,Blastobasidae,Blastobasis,NA,VSEARCH
f132beb85046c1e54f167b780359601c,Insecta,Lepidoptera,Blastobasidae,Hypatopa,Hypatopa spoliatella,VSEARCH
1d0e06e8fbee0239a061169dbca389e4,Insecta,Lepidoptera,Blastobasidae,Hypatopa,Hypatopa vestaliella,VSEARCH
7bb7358cbef7fc63c0f81aab2a852fbe,Insecta,Lepidoptera,Blastobasidae,Pigritia,Pigritia fidella,sklearn
35992f8508a478890e22bef5e9bf98ce,Insecta,Lepidoptera,Blastobasidae,Pigritia,Pigritia fidella,VSEARCH
61c602d65c5cab8daa647cd51cd08c3a,Insecta,Lepidoptera,Blastobasidae,Pigritia,Pigritia fidella,VSEARCH
f4bdb7ebb872b2b4c1e8c39ee2f8d1e8,Insecta,Lepidoptera,Blastobasidae,Pigritia,Pigritia laticapitella,VSEARCH
bad688fa15107c5f2a6b0c448f6f602b,Insecta,Lepidoptera,Blastobasidae,NA,NA,VSEARCH
9629e4d43b0df690c2144aa8fb51b4ac,Insecta,Lepidoptera,Bucculatricidae,Bucculatrix,Bucculatrix solidaginiella,sklearn
e89e6fc003dfd84fcc809c0b32447c13,Insecta,Lepidoptera,Bucculatricidae,Bucculatrix,NA,VSEARCH
741f8d7d99ab86fd03b63fc698db2b07,Insecta,Lepidoptera,Carposinidae,Carposina,NA,sklearn
288112143254e783b3528725774fa7af,Insecta,Lepidoptera,Carposinidae,Carposina,NA,VSEARCH
5ba4b9e051ff0f529fedb8595f01fca8,Insecta,Lepidoptera,Coleophoridae,Coleophora,Coleophora borea,VSEARCH
6579fd110c670dc92b5a855c8854a7dd,Insecta,Lepidoptera,Coleophoridae,Coleophora,Coleophora duplicis group,VSEARCH
0051c96192fb4b65d012ab3b0d9858ee,Insecta,Lepidoptera,Coleophoridae,Coleophora,NA,VSEARCH
c823e8e5eb07cd2b7979e68dbaed16d5,Insecta,Lepidoptera,Coleophoridae,Coleophora,NA,VSEARCH
d4cde1500cf1e92efda992fc3933619d,Insecta,Lepidoptera,Cosmopterigidae,Cosmopterix,Cosmopterix turbidella,VSEARCH
d434e1738ddb7c1f9c4a613774dc0e4c,Insecta,Lepidoptera,Cosmopterigidae,Limnaecia,NA,VSEARCH
183cc807f31d7bd4fda10446cbbae15a,Insecta,Lepidoptera,Cosmopterigidae,Perimede,Perimede circitor,VSEARCH
64722973892ec070fa93740d219a48ad,Insecta,Lepidoptera,Cosmopterigidae,Perimede,Perimede erransella,VSEARCH
d9c463f54218445e6e9bad4c2fb0e598,Insecta,Lepidoptera,Cosmopterigidae,Perimede,NA,VSEARCH
1dc6242caecaf9d7ad747438f4a5cbde,Insecta,Lepidoptera,Cosmopterigidae,Perimede,NA,VSEARCH
68e5b0ee3fac7993825116530774a236,Insecta,Lepidoptera,Cosmopterigidae,Walshia,Walshia dispar,VSEARCH
207532ed555302ea6f13e7d290adb92e,Insecta,Lepidoptera,Cosmopterigidae,Walshia,Walshia miscecolorella,VSEARCH
ec88942cace8bd57a0b823a2cac993e1,Insecta,Lepidoptera,Crambidae,Anageshna,Anageshna primordialis,VSEARCH
d3dd287db42c46ec00ee4f9f263ad1a8,Insecta,Lepidoptera,Crambidae,Anania,Anania helvalis,sklearn
35f387c33fc1ea887f00bdfd00b56f8d,Insecta,Lepidoptera,Crambidae,Apogeshna,Apogeshna stenialis,VSEARCH
7bdeb37855323cf78c70d00de38acd1b,Insecta,Lepidoptera,Crambidae,Desmia,Desmia funeralis,VSEARCH
f51974df289e803808177a78bdf311e2,Insecta,Lepidoptera,Crambidae,Elophila,Elophila obliteralis,VSEARCH
25d69ef3d072544c2eae5013af690a95,Insecta,Lepidoptera,Crambidae,Evergestis,Evergestis pallidata,VSEARCH
e693285865a74c2e97190073281f16e6,Insecta,Lepidoptera,Crambidae,Lipocosma,Lipocosma sicalis,VSEARCH
9ec1180451b27d11c61a0171a1fb7811,Insecta,Lepidoptera,Crambidae,Microcrambus,Microcrambus elegans,VSEARCH
70e25f7ac6d819e0525108d80cae7b24,Insecta,Lepidoptera,Crambidae,Palpita,Palpita magniferalis,VSEARCH
9d4ccf411914b570d7ce64af843e02b5,Insecta,Lepidoptera,Crambidae,Parapediasia,Parapediasia teterrellus,VSEARCH
55a17d8326442d559967b1c9445390bf,Insecta,Lepidoptera,Crambidae,Udea,NA,VSEARCH
96f477be989e91d201fe09094829b81a,Insecta,Lepidoptera,Depressariidae,Antaeotricha,Antaeotricha leucillana,VSEARCH
aaa613decad715e850dc9f4234903013,Insecta,Lepidoptera,Depressariidae,Antaeotricha,Antaeotricha leucillana,VSEARCH
2a6c26d719db115883883af5abb3aa2d,Insecta,Lepidoptera,Depressariidae,Machimia,Machimia tentoriferella,VSEARCH
e10e463410414f95e729e5ab92f2e93f,Insecta,Lepidoptera,Depressariidae,Psilocorsis,Psilocorsis quercicella,VSEARCH
f4f404500060f46af505f0148e4e8883,Insecta,Lepidoptera,Depressariidae,Psilocorsis,Psilocorsis reflexella,VSEARCH
1a7173278c2c2e078735cf86bffb0754,Insecta,Lepidoptera,Depressariidae,Psilocorsis,Psilocorsis reflexella,VSEARCH
5ce28642e2fb390428181ff78b6f5ce9,Insecta,Lepidoptera,Depressariidae,Psilocorsis,Psilocorsis reflexella,VSEARCH
ef5c04c7e3153e5d360af75eac09af4f,Insecta,Lepidoptera,Dryadaulidae,Dryadaula,NA,VSEARCH
f1c71ad2c7374b330363b0fa36cac871,Insecta,Lepidoptera,Dryadaulidae,Dryadaula,NA,VSEARCH
603fe32478c70442014088359eb32855,Insecta,Lepidoptera,Epipyropidae,Fulgoraecia,Fulgoraecia exigua,VSEARCH
59ce421b163a5a80f13e64d63e2f48a1,Insecta,Lepidoptera,Erebidae,Allotria,Allotria elonympha,VSEARCH
2ad4c1c00d807fcd0079ee374762a0e5,Insecta,Lepidoptera,Erebidae,Chytolita,Chytolita morbidalis,VSEARCH
77caa24543bb441e78a7a57259f27185,Insecta,Lepidoptera,Erebidae,Halysidota,Halysidota harrisii,VSEARCH
5d893ad258fc4aeb666d051c38000813,Insecta,Lepidoptera,Erebidae,Halysidota,Halysidota tessellaris,VSEARCH
18db9e0eb8284ce045c24ed004536d08,Insecta,Lepidoptera,Erebidae,Hypena,Hypena scabra,sklearn
dc1aafc2eba5199cd6994cbbcceb43dc,Insecta,Lepidoptera,Erebidae,Hyperstrotia,Hyperstrotia nana,VSEARCH
611f2bdfbee95b7d4b8b9394c09478c9,Insecta,Lepidoptera,Erebidae,Idia,Idia rotundalis,VSEARCH
78431ed5eb15d51bd674ab0ad8b9c6d4,Insecta,Lepidoptera,Erebidae,Isogona,Isogona tenuis,VSEARCH
b0a4bd9a52de1c58cb7e58ad67aedcb0,Insecta,Lepidoptera,Erebidae,Orgyia,Orgyia leucostigma,VSEARCH
0edb57b810448e9c1117330470acc568,Insecta,Lepidoptera,Erebidae,Panopoda,Panopoda rufimargo,VSEARCH
3c9dea5d7540eb08c0c9d8bda04b59a4,Insecta,Lepidoptera,Erebidae,Parallelia,Parallelia bistriaris,sklearn
773d3cc7acbe73154784afbd19c667ca,Insecta,Lepidoptera,Erebidae,Parallelia,Parallelia bistriaris,VSEARCH
b2f9429494612134e7018c456cee890c,Insecta,Lepidoptera,Erebidae,Sigela,Sigela brauneata,VSEARCH
2a34a101a412072ddb74d3b7a8d8511b,Insecta,Lepidoptera,Erebidae,Spiloloma,Spiloloma lunilinea,VSEARCH
9a73a0371bfa3a3772222870526c4818,Insecta,Lepidoptera,Erebidae,Tetanolita,Tetanolita mynesalis,VSEARCH
c79abf4d2196352b2a48b54a9ad248c6,Insecta,Lepidoptera,Erebidae,Zanclognatha,Zanclognatha obscuripennis,VSEARCH
fda92cf77746ec686e5a580278b37b1f,Insecta,Lepidoptera,Euteliidae,Paectes,Paectes abrostoloides,VSEARCH
1832212855483d017cacd42671ca523f,Insecta,Lepidoptera,Gelechiidae,Aristotelia,Aristotelia rubidella,VSEARCH
59fffc51ec93a32ab8c3b0cb948db71c,Insecta,Lepidoptera,Gelechiidae,Arogalea,Arogalea cristifasciella,sklearn
fef6a45a90a8740197aef9c08b23e833,Insecta,Lepidoptera,Gelechiidae,Battaristis,NA,VSEARCH
0835fed95eff76f5d26159579c6f0c25,Insecta,Lepidoptera,Gelechiidae,Chionodes,Chionodes discoocellella,VSEARCH
6fa9d2be9be1529193587f6c869ce95a,Insecta,Lepidoptera,Gelechiidae,Chionodes,Chionodes fuscomaculella,VSEARCH
295abccf7ce4c66297ee28eb2239b622,Insecta,Lepidoptera,Gelechiidae,Chionodes,Chionodes rabula,VSEARCH
4c11f03555e3e85a7a2eda95f590ab85,Insecta,Lepidoptera,Gelechiidae,Coleotechnites,Coleotechnites florae,VSEARCH
ccb64fe45a6ad8ebaa44ef7873d0c9e1,Insecta,Lepidoptera,Gelechiidae,Dichomeris,Dichomeris ligulella,VSEARCH
4b0a4ff227392528f629b03283a173c3,Insecta,Lepidoptera,Gelechiidae,Dichomeris,Dichomeris punctipennella,sklearn
75439b19bfc2cb22a8bc09bc3826f776,Insecta,Lepidoptera,Gelechiidae,Fascista,Fascista cercerisella,sklearn
36cca6c98dbf88b64802431d570bea30,Insecta,Lepidoptera,Gelechiidae,Helcystogramma,Helcystogramma melantherella,VSEARCH
0a03b933a9452fc2dbe03f785f9a7853,Insecta,Lepidoptera,Gelechiidae,Monochroa,NA,VSEARCH
26c564d2a176745946552dc23ba4e906,Insecta,Lepidoptera,Gelechiidae,Pseudotelphusa,Pseudotelphusa quercinigracella,sklearn
f0020f8b55f23371dcb93740c91c25cd,Insecta,Lepidoptera,Gelechiidae,Sinoe,Sinoe kwakae,VSEARCH
1eeb4a507a9fc2d8df39a59397e2cb46,Insecta,Lepidoptera,Gelechiidae,Stegasta,Stegasta bosqueella,VSEARCH
158cbd0fc1e3cd97c626aa1404d5e24f,Insecta,Lepidoptera,Gelechiidae,NA,NA,sklearn
031a77cf2b8938e7dffca3ecf3fa8c2f,Insecta,Lepidoptera,Geometridae,Cyclophora,Cyclophora packardi,VSEARCH
d7b571e262397f966e747a3e0e037bc8,Insecta,Lepidoptera,Geometridae,Digrammia,Digrammia gnophosaria,sklearn
403cb84fcfca3bdb5e1b722a4ed2b9e0,Insecta,Lepidoptera,Geometridae,Digrammia,Digrammia gnophosaria,VSEARCH
62b8e96806ceacbe930c42b6aee374dd,Insecta,Lepidoptera,Geometridae,Eusarca,Eusarca confusaria,VSEARCH
93541ffcf9f5d414b7f6ac6180cfb44b,Insecta,Lepidoptera,Geometridae,Eutrapela,Eutrapela clemataria,VSEARCH
7590dbefaf8703f0d364258dd0f9353e,Insecta,Lepidoptera,Geometridae,Hypagyrtis,NA,VSEARCH
c225c34f0c5b7eb6d368d3020080a5db,Insecta,Lepidoptera,Geometridae,Iridopsis,Iridopsis pergracilis,sklearn
1e4fc5d324153fcbcb5105272178997e,Insecta,Lepidoptera,Geometridae,Macaria,NA,VSEARCH
c892cf4fce94743508b9d034023908b8,Insecta,Lepidoptera,Geometridae,Melanolophia,NA,sklearn
7e2b74e8e163ac8751604c66bbec88bb,Insecta,Lepidoptera,Geometridae,Mellilla,Mellilla xanthometata,VSEARCH
90b9a2150211311854d3b7a6da8fd955,Insecta,Lepidoptera,Geometridae,Timandra,Timandra amaturaria,VSEARCH
47af33f2f745d3ad06205e99b30d4e8d,Insecta,Lepidoptera,Geometridae,NA,NA,sklearn
af8864e3e98fc703b53c233b21f4cff7,Insecta,Lepidoptera,Geometridae,NA,NA,sklearn
42d026a37a551e83fcb92bd981e382d8,Insecta,Lepidoptera,Geometridae,NA,NA,VSEARCH
d99b715fdeebb2d83829ff7f24d98a97,Insecta,Lepidoptera,Gracillariidae,Acrocercops,Acrocercops albinatella,VSEARCH
d9a575a78430c7315061fc21149177b9,Insecta,Lepidoptera,Gracillariidae,Caloptilia,Caloptilia bimaculatella,VSEARCH
df6da6e33b18946cc0b30b11d14322e7,Insecta,Lepidoptera,Gracillariidae,Caloptilia,Caloptilia bimaculatella,VSEARCH
a06f127bcc95f13abe05e42e90afbebc,Insecta,Lepidoptera,Gracillariidae,Caloptilia,Caloptilia blandella,VSEARCH
1c694c4531fcce0adca248305100a787,Insecta,Lepidoptera,Gracillariidae,Caloptilia,Caloptilia negundella,VSEARCH
5edd663124292444b3f03b16f6d9c28a,Insecta,Lepidoptera,Gracillariidae,Caloptilia,Caloptilia packardella,VSEARCH
5f95f94cc6cb3d1681c14daa60c969ad,Insecta,Lepidoptera,Gracillariidae,Caloptilia,Caloptilia sassafrasella,sklearn
cf29e9fd93f1a68b4a99dfb623147b8d,Insecta,Lepidoptera,Gracillariidae,Caloptilia,Caloptilia sassafrasella,VSEARCH
db64c2b4aeb11ad1615f0b6db14bed0c,Insecta,Lepidoptera,Gracillariidae,Caloptilia,Caloptilia stigmatella,VSEARCH
c9f45d93925c7ba21016d7e1bf626089,Insecta,Lepidoptera,Gracillariidae,Caloptilia,Caloptilia violacella,VSEARCH
8574fa2343da4d1af6c76c8ad2ef6d14,Insecta,Lepidoptera,Gracillariidae,Caloptilia,NA,VSEARCH
497d8aaa5eedd2c5b7746eb84ca531b6,Insecta,Lepidoptera,Gracillariidae,Cameraria,Cameraria caryaefoliella,VSEARCH
b3d58fb02e8563e363621448b7cb4fdd,Insecta,Lepidoptera,Gracillariidae,Cameraria,Cameraria corylisella,VSEARCH
0cff06a5d3e5ce3b3e034ecee9dc5a49,Insecta,Lepidoptera,Gracillariidae,Cameraria,Cameraria hamadryadella,VSEARCH
c0615426f1c581ecd2921e389ea235d5,Insecta,Lepidoptera,Gracillariidae,Cameraria,Cameraria saccharella,sklearn
918c968ef00e62772ef3376bb21a17a4,Insecta,Lepidoptera,Gracillariidae,Cameraria,Cameraria ulmella,VSEARCH
8c590709aaf4d262fb0184dd830bb992,Insecta,Lepidoptera,Gracillariidae,Cameraria,NA,sklearn
cdc7ae883fcbe23ca3f44e49e8331a63,Insecta,Lepidoptera,Gracillariidae,Cremastobombycia,Cremastobombycia solidaginis,VSEARCH
38c92636bfa68a6a7d20a0e9a6508168,Insecta,Lepidoptera,Gracillariidae,Marmara,NA,VSEARCH
221d390b3dec2053f8dede1b2793bed8,Insecta,Lepidoptera,Gracillariidae,Neurobathra,NA,VSEARCH
08b6fe599db9086731ca3554e53e20fd,Insecta,Lepidoptera,Gracillariidae,Parornix,NA,VSEARCH
6def304abe6a0863f3b12abffee9efdd,Insecta,Lepidoptera,Gracillariidae,Parornix,NA,VSEARCH
e8fc7441f6088120c85862f9364905b5,Insecta,Lepidoptera,Gracillariidae,Phyllonorycter,Phyllonorycter argentinotella,sklearn
db25741201a1f319206a24a0f652d41a,Insecta,Lepidoptera,Gracillariidae,Phyllonorycter,Phyllonorycter basistrigella,sklearn
493309bfd54be93344652f9b9116e93a,Insecta,Lepidoptera,Gracillariidae,Phyllonorycter,Phyllonorycter trinotella,sklearn
64743f0b54bd91535d56326ef594a5a9,Insecta,Lepidoptera,Gracillariidae,Phyllonorycter,Phyllonorycter trinotella,sklearn
d19ac647abdf616d97441e8c2534db3a,Insecta,Lepidoptera,Gracillariidae,Phyllonorycter,NA,sklearn
a3c870886e4330e1c8f9edccd7ac8b05,Insecta,Lepidoptera,Gracillariidae,Phyllonorycter,NA,sklearn
c9775a42171e61aafe93afacd3f01f71,Insecta,Lepidoptera,Gracillariidae,Phyllonorycter,NA,sklearn
66b538dafd0d9dc19d466b4e8476aa1f,Insecta,Lepidoptera,Gracillariidae,Phyllonorycter,NA,sklearn
b2551abb822e7e730f0f4b74d2bc43ac,Insecta,Lepidoptera,Gracillariidae,Phyllonorycter,NA,VSEARCH
ca2e1f436ccd3b4067bcdd5207863044,Insecta,Lepidoptera,Lasiocampidae,Artace,Artace Montero10,sklearn
ae2b1527da72c9372359e7e73e8283ea,Insecta,Lepidoptera,Lecithoceridae,Martyringa,Martyringa latipennis,VSEARCH
4f03173c1572ea635a6752b382b5861f,Insecta,Lepidoptera,Lecithoceridae,Martyringa,Martyringa ravicapitis,sklearn
3eb63cd0e4cdafb61ff7890d8c59d808,Insecta,Lepidoptera,Limacodidae,Lithacodes,Lithacodes fasciola,VSEARCH
9e72ab47c8f354c452b22712041bb8eb,Insecta,Lepidoptera,Meessiidae,Eudarcia,Eudarcia eunitariaeella,sklearn
d1e738b4e43eefe0e9ef7e50168adb8a,Insecta,Lepidoptera,Momphidae,Mompha,NA,VSEARCH
8d7e2a8356322ab7c710f75e34ff9625,Insecta,Lepidoptera,Nepticulidae,Ectoedemia,Ectoedemia ulmella,VSEARCH
caea36bff894ddb3dfbc71b851ea0042,Insecta,Lepidoptera,Nepticulidae,NA,NA,VSEARCH
96c3081d9254e4fd25c4b7f9d86f1aab,Insecta,Lepidoptera,Notodontidae,Gluphisia,Gluphisia septentrionis,VSEARCH
74a69ac21103e8602876f872e4a7f17a,Insecta,Lepidoptera,Nymphalidae,Libytheana,Libytheana carinenta,VSEARCH
3a29b24882a343a2d6958989c69a4f8f,Insecta,Lepidoptera,Nymphalidae,Megisto,Megisto cymela,VSEARCH
8f97a57398350d8f2b91e161b5972863,Insecta,Lepidoptera,Nymphalidae,Phyciodes,NA,VSEARCH
6f79835611b98cc97d4b2e4de17fbb3a,Insecta,Lepidoptera,Oecophoridae,Epicallima,Epicallima argenticinctella,VSEARCH
b2d734b4364c53c5fbcbb564fac82fb2,Insecta,Lepidoptera,Oecophoridae,Epicallima,Epicallima argenticinctella,VSEARCH
62f3f2d32c53e9c0fa0183f78539af1d,Insecta,Lepidoptera,Oecophoridae,Inga,Inga sparsiciliella,VSEARCH
72ec9715d4408f436a01378bdfd6f69a,Insecta,Lepidoptera,Psychidae,Thyridopteryx,Thyridopteryx ephemeraeformis,VSEARCH
0039ac8608e8925d81ca6fbb667b8612,Insecta,Lepidoptera,Pterophoridae,Hellinsia,NA,VSEARCH
837038e2ef31d5ff2457b2f3045981a3,Insecta,Lepidoptera,Pyralidae,Ephestiodes,Ephestiodes infimella,VSEARCH
0bd8a5c9e88e9bdf167f1a6184a3cd98,Insecta,Lepidoptera,Pyralidae,Epipaschia,Epipaschia superatalis,VSEARCH
51f3a50ff9cd9bd295ec57ee118b56ad,Insecta,Lepidoptera,Pyralidae,Salebriaria,NA,sklearn
14a5105957afd401a6e03dd81c6fe654,Insecta,Lepidoptera,Pyralidae,NA,NA,VSEARCH
36f73bf84706dcc60fd781f8d299da3e,Insecta,Lepidoptera,Sphingidae,Amorpha,Amorpha juglandis,VSEARCH
46f68fb7accd2cf2419ca3cd22da3646,Insecta,Lepidoptera,Tineidae,Acrolophus,Acrolophus mortipennella,VSEARCH
858ca922d1854ec50251022b68356340,Insecta,Lepidoptera,Tineidae,Acrolophus,Acrolophus plumifrontella,VSEARCH
467bd68309fd5af18da3ade9c9258cb6,Insecta,Lepidoptera,Tineidae,Acrolophus,Acrolophus propinqua,sklearn
ff203f395863432252fa036f7530553e,Insecta,Lepidoptera,Tineidae,Acrolophus,Acrolophus propinqua,sklearn
ccbfa51be33f44b29883b5b3d77eb720,Insecta,Lepidoptera,Tineidae,Acrolophus,Acrolophus propinqua,VSEARCH
5c42104e910b915a1dcd29f96ee60a07,Insecta,Lepidoptera,Tineidae,Acrolophus,Acrolophus texanella,VSEARCH
a7ab5be696f38ed02bd96426234f1c2e,Insecta,Lepidoptera,Tineidae,Acrolophus,Acrolophus texanellus,sklearn
8637dc1996ca31c9ec7e19426db30f1b,Insecta,Lepidoptera,Tineidae,Diachorisia,Diachorisia velatella,VSEARCH
b1b3cef72eccc86bcc44dcd82095c9a2,Insecta,Lepidoptera,Tineidae,Homosetia,Homosetia costisignella,VSEARCH
2bcb8c8b5f8c493d740419bd51f7ab78,Insecta,Lepidoptera,Tineidae,Homosetia,Homosetia DRD49,VSEARCH
40eb03bafee0545c008ced670ca861ed,Insecta,Lepidoptera,Tineidae,Homosetia,Homosetia tricingulatella,VSEARCH
fc9804b03328e586de91c8ab053dbd22,Insecta,Lepidoptera,Tineidae,Homosetia,NA,sklearn
24ae9a6be9fab1144e59b110830eb961,Insecta,Lepidoptera,Tineidae,Homosetia,NA,VSEARCH
a1eac986d36fcb7cb3fb0a5995ec0887,Insecta,Lepidoptera,Tineidae,Homosetia,NA,VSEARCH
5cdfad0898eea261672a05e4f3e80b4f,Insecta,Lepidoptera,Tineidae,Homostinea,Homostinea curviliniella,VSEARCH
8f9a6e9d5591990cf191924377564195,Insecta,Lepidoptera,Tineidae,Hybroma,Hybroma servulella,VSEARCH
2a4cb302666516e6db4f9ff6670a8df9,Insecta,Lepidoptera,Tineidae,Isocorypha,Isocorypha mediostriatella,sklearn
82f40de2091bdd2c1384a3c8f30b7378,Insecta,Lepidoptera,Tineidae,Isocorypha,Isocorypha mediostriatella,sklearn
da8ba515788c472ba849b8f94b6f01e6,Insecta,Lepidoptera,Tineidae,Monopis,NA,VSEARCH
d0ae6517e9c9c5658d868e3cfb028c8f,Insecta,Lepidoptera,Tineidae,Nemapogon,Nemapogon acapnopennella,VSEARCH
d3a92129da3b43ffdc3974f91323f711,Insecta,Lepidoptera,Tineidae,Nemapogon,Nemapogon angulifasciella,VSEARCH
47a78cfe583feb992673d42749f78215,Insecta,Lepidoptera,Tineidae,Nemapogon,Nemapogon interstitiella,sklearn
6ee07078285d143dbda7d8a83bef28f4,Insecta,Lepidoptera,Tineidae,Nemapogon,Nemapogon interstitiella,sklearn
90666d179970de22956ecb70a9efe3fe,Insecta,Lepidoptera,Tineidae,Nemapogon,NA,sklearn
1c3215b12dfd1d8e4fe482c93d0edb65,Insecta,Lepidoptera,Tineidae,Nemapogon,NA,sklearn
f85b7fc104c8d4409fda3af5b22c33b6,Insecta,Lepidoptera,Tineidae,Niditinea,Niditinea orleansella,sklearn
40492dd19e2644dd46c72260498cf3db,Insecta,Lepidoptera,Tineidae,Niditinea,Niditinea orleansella,sklearn
5d2824cd4c39daea3361a7445cffa91c,Insecta,Lepidoptera,Tineidae,Pelecystola,Pelecystola nearctica,VSEARCH
fa9845335ebc6999b3aaadaf9ebd0943,Insecta,Lepidoptera,Tineidae,Scardiella,Scardiella approximatella,VSEARCH
a349c90c3d2e94e7699935789a5ba398,Insecta,Lepidoptera,Tineidae,Tinea,Tinea carnariella,VSEARCH
33064795f640ef4107b34d4820eeb557,Insecta,Lepidoptera,Tineidae,Xylesthia,Xylesthia pruniramiella,sklearn
a76aa3518ac5db49715d26ee11e2b19d,Insecta,Lepidoptera,Tineidae,Xylesthia,Xylesthia pruniramiella,VSEARCH
b63904c3a2ee6f09af296b0e7f5f174d,Insecta,Lepidoptera,Tineidae,NA,NA,VSEARCH
32d90ade72f73ac2229780a5a2129f6f,Insecta,Lepidoptera,Tischeriidae,Coptotriche,Coptotriche aenea,VSEARCH
13d22889fbcc4c00c426138797a0c42d,Insecta,Lepidoptera,Tischeriidae,Coptotriche,Coptotriche citrinipennella,VSEARCH
bd09045a7849ead1badb696d6a5c7e1e,Insecta,Lepidoptera,Tortricidae,Acleris,Acleris chalybeana,VSEARCH
ca262c408ce50bd2605cb0cd0265421b,Insecta,Lepidoptera,Tortricidae,Acleris,Acleris flavivittana,VSEARCH
99d52afd41ed37da6393ff5fc9493bf2,Insecta,Lepidoptera,Tortricidae,Adoxophyes,Adoxophyes negundana,VSEARCH
e476f0e0b19cc76e9bf92ba83600131a,Insecta,Lepidoptera,Tortricidae,Aethes,Aethes angulatana,VSEARCH
41320b53bd2f78e471561b74e2516b23,Insecta,Lepidoptera,Tortricidae,Aethes,Aethes angulatana,VSEARCH
0dac1206ca31dbbdb64f209942a32ea7,Insecta,Lepidoptera,Tortricidae,Aethes,Aethes biscana,sklearn
87c30c3491ac751170ba0c68c5f9d8b7,Insecta,Lepidoptera,Tortricidae,Aethes,NA,VSEARCH
a6090596330645d943652dc821176875,Insecta,Lepidoptera,Tortricidae,Aethes,NA,VSEARCH
c1521f1bcd20ba1b6b03fba92c5f834b,Insecta,Lepidoptera,Tortricidae,Ancylis,Ancylis platanana,VSEARCH
c0be231a837784aaf71289a769243f18,Insecta,Lepidoptera,Tortricidae,Ancylis,NA,sklearn
b663da09cfa349ac8a9fd224ee4ad6d4,Insecta,Lepidoptera,Tortricidae,Argyrotaenia,Argyrotaenia quercifoliana,VSEARCH
ffc554a7cc42a9bee62616cb8479af97,Insecta,Lepidoptera,Tortricidae,Argyrotaenia,NA,VSEARCH
574261e6eab1e0c090ff40737d550f19,Insecta,Lepidoptera,Tortricidae,Bactra,Bactra furfurana,VSEARCH
3bdcb8b4c68b3991e56719aec927b766,Insecta,Lepidoptera,Tortricidae,Cenopis,Cenopis reticulatana,VSEARCH
86d824f733d61170ef80a4235cb32238,Insecta,Lepidoptera,Tortricidae,Choristoneura,NA,VSEARCH
ea1049842c518a849f88a3a1f3981ff5,Insecta,Lepidoptera,Tortricidae,Clepsis,Clepsis peritana,VSEARCH
306d29e83885908d6564d878a50f019a,Insecta,Lepidoptera,Tortricidae,Coelostathma,Coelostathma discopunctana,VSEARCH
d1b301ea4f1d88a55fbcd6ca280db455,Insecta,Lepidoptera,Tortricidae,Coelostathma,Coelostathma discopunctana,VSEARCH
3817eb4602b64f7fe88d470e20ea43ae,Insecta,Lepidoptera,Tortricidae,Cydia,Cydia caryana,VSEARCH
768d899e6e82c5f023bd28dcc0007a3f,Insecta,Lepidoptera,Tortricidae,Cydia,Cydia latiferreana,sklearn
f32b0d54cc870b1e08d3dd59fea0e64c,Insecta,Lepidoptera,Tortricidae,Cydia,Cydia latiferreana,VSEARCH
7a5bba8840f10fa1fc2db50b40e52550,Insecta,Lepidoptera,Tortricidae,Epiblema,Epiblema abruptana,sklearn
7e73180ddf32be002c78f9736cc5023f,Insecta,Lepidoptera,Tortricidae,Epiblema,Epiblema otiosana,VSEARCH
ddb3f483ee6365f1a401f436dcd37838,Insecta,Lepidoptera,Tortricidae,Epiblema,Epiblema strenuana,VSEARCH
d8d5bd07a7cdfb721661da10d3702c20,Insecta,Lepidoptera,Tortricidae,Episimus,Episimus argutana,VSEARCH
7320b41a310dcbab1e40694f6c2ff2a7,Insecta,Lepidoptera,Tortricidae,Episimus,Episimus argutana,VSEARCH
eb24889012eef757c1b31779758f2514,Insecta,Lepidoptera,Tortricidae,Episimus,Episimus tyrius,VSEARCH
6cc5854eff32dcb6abb921a0bbc7bfb6,Insecta,Lepidoptera,Tortricidae,Eumarozia,Eumarozia malachitana,VSEARCH
f417efae7d48e9c6f96fa7cd9cbe070d,Insecta,Lepidoptera,Tortricidae,Gretchena,Gretchena bolliana,VSEARCH
3cdbf5e375dac45ca1efdf197c74d499,Insecta,Lepidoptera,Tortricidae,Gymnandrosoma,Gymnandrosoma punctidiscanum,sklearn
383f46f141d64ada51c14f6a3c927043,Insecta,Lepidoptera,Tortricidae,Gymnandrosoma,Gymnandrosoma punctidiscanum,VSEARCH
1d9359eec55aaaf47f175be7c0ba83f5,Insecta,Lepidoptera,Tortricidae,Gypsonoma,Gypsonoma salicicolana,VSEARCH
17f6c8c4ffa0bc9dccece9f0a16bf806,Insecta,Lepidoptera,Tortricidae,Gypsonoma,NA,sklearn
4e9008889b65a8d60d69e7e1917a635d,Insecta,Lepidoptera,Tortricidae,Hulda,Hulda impudens,VSEARCH
38137c477a454198dea0b6a7c29a0838,Insecta,Lepidoptera,Tortricidae,Larisa,Larisa subsolana,VSEARCH
5b88a581230d2432d1754fc55bdbe79c,Insecta,Lepidoptera,Tortricidae,Olethreutes,Olethreutes concinnana,VSEARCH
b821dcbe0c0e6cde334f90f828086fae,Insecta,Lepidoptera,Tortricidae,Olethreutes,Olethreutes furfuranum,VSEARCH
93c77cf3b934eb24f16cf8996cacee34,Insecta,Lepidoptera,Tortricidae,Pandemis,Pandemis lamprosana,VSEARCH
e41a4de9986baa7110bc1d0f7ec0361d,Insecta,Lepidoptera,Tortricidae,Pandemis,NA,VSEARCH
d036d2178a3a6a95474b365de983a731,Insecta,Lepidoptera,Tortricidae,Paralobesia,Paralobesia liriodendrana,VSEARCH
9a63f31aa2c88a4b2a9f2ce994d61406,Insecta,Lepidoptera,Tortricidae,Paralobesia,Paralobesia viteana,VSEARCH
4717b5191ba1c1ea917b8e6628ec9e22,Insecta,Lepidoptera,Tortricidae,Phaecasiophora,Phaecasiophora confixana,VSEARCH
82b21eff64888460163281b931e55c63,Insecta,Lepidoptera,Tortricidae,Phaecasiophora,Phaecasiophora niveiguttana,VSEARCH
cc5e6ea17a2d8c490868d45f9eb0f240,Insecta,Lepidoptera,Tortricidae,Phtheochroa,Phtheochroa riscana,VSEARCH
530201fdba4f0ab611736c9646c683b5,Insecta,Lepidoptera,Tortricidae,Phtheochroa,NA,VSEARCH
4ce05f39ddad04041e4ddf8c49da6c0e,Insecta,Lepidoptera,Tortricidae,Platynota,Platynota exasperatana,sklearn
f11dceb3eec0714f861f74a669a2ef12,Insecta,Lepidoptera,Tortricidae,Platynota,Platynota exasperatana,VSEARCH
8d54ee9ea4ede3dd5202ff5dd23dabc6,Insecta,Lepidoptera,Tortricidae,Platynota,Platynota flavedana,VSEARCH
fcdacbbe6e7f8793a31498044c1540e8,Insecta,Lepidoptera,Tortricidae,Platynota,Platynota idaeusalis,VSEARCH
bcfc11274fbcc3420c2b43c9273b9beb,Insecta,Lepidoptera,Tortricidae,Platynota,Platynota semiustana PS1,VSEARCH
db24831a528d05992e84df00f38cbeaa,Insecta,Lepidoptera,Tortricidae,Pristerognatha,NA,VSEARCH
3379c3d09be96b80e0c315688a5a36b8,Insecta,Lepidoptera,Tortricidae,Proteoteras,Proteoteras aesculana,VSEARCH
4d25738be823ee7adef2e469141ef490,Insecta,Lepidoptera,Tortricidae,Proteoteras,Proteoteras moffatiana,VSEARCH
65ce1414be84397b19f5bb54872e8444,Insecta,Lepidoptera,Tortricidae,Rhyacionia,Rhyacionia frustrana,sklearn
4f63cc50ff49bc291e0d2724a5688688,Insecta,Lepidoptera,Tortricidae,Sparganothoides,Sparganothoides lentiginosana,VSEARCH
475f54fc3250bf5d4ae7361cdf5904e8,Insecta,Lepidoptera,Tortricidae,Suleima,Suleima helianthana,VSEARCH
2dc4dff8b6c50be96d47df819989987a,Insecta,Lepidoptera,Tortricidae,Talponia,Talponia plummeriana,VSEARCH
9cc44e9a29067e77ea4e9428b7ff0261,Insecta,Lepidoptera,Tortricidae,NA,NA,sklearn
10bdccf08da9d4c61c82182a1b779fce,Insecta,Lepidoptera,Tortricidae,NA,NA,sklearn
b98b0652a83d33b056f34bb286fb58f8,Insecta,Lepidoptera,Tortricidae,NA,NA,VSEARCH
7b7ad6a51a80ed42f9b9486967851eb4,Insecta,Lepidoptera,Zygaenidae,Acoloithus,Acoloithus falsarius,VSEARCH
986f638e97b5a73f25d4861eb70c2938,Insecta,Lepidoptera,Zygaenidae,Harrisina,Harrisina americana,VSEARCH
28a1a63b06c2325da53ad94e3ab55619,Insecta,Mecoptera,Bittacidae,Bittacus,Bittacus pilicornis,sklearn
4d5400c3c3a25c55c9549c1da33070f2,Insecta,Mecoptera,Bittacidae,Bittacus,Bittacus pilicornis,sklearn
ffb9f17d542f2aff955922963ef62839,Insecta,Mecoptera,Bittacidae,Bittacus,Bittacus pilicornis,sklearn
d25330877ebec8e4311d0204711308c7,Insecta,Mecoptera,Bittacidae,Bittacus,Bittacus pilicornis,sklearn
c66a8e90d42bd03d3cb221e5f011c9f9,Insecta,Mecoptera,Bittacidae,NA,NA,sklearn
370b89ab48d43cc4dead2afe5f04e882,Insecta,Mecoptera,Bittacidae,NA,NA,sklearn
07c03456fad432770dfac723f8c46494,Insecta,Neuroptera,Ascalaphidae,Ululodes,Ululodes quadripunctatus,VSEARCH
287802f5a7574ddfb0e27f1c625f2b90,Insecta,Neuroptera,Chrysopidae,Ceraeochrysa,Ceraeochrysa lineaticornis,sklearn
78ba5c40f37b4064dd4dab2977f6a471,Insecta,Neuroptera,Chrysopidae,Ceraeochrysa,Ceraeochrysa lineaticornis,sklearn
c489656328c6bc10c35d525b5887a93c,Insecta,Neuroptera,Chrysopidae,Chrysopa,Chrysopa quadripunctata,VSEARCH
e95b499d80658ff193d9bd42101d0f2f,Insecta,Neuroptera,Chrysopidae,Chrysoperla,Chrysoperla rufilabris,VSEARCH
5717bb249c07d5bf76d42f0bb51e7b76,Insecta,Neuroptera,Chrysopidae,NA,NA,sklearn
ea63d471a5eb7cafbae84c80a82b250c,Insecta,Neuroptera,Hemerobiidae,Hemerobius,Hemerobius humulinus,VSEARCH
a34e6f7d5076d86f0e3512e0ba1d231f,Insecta,Neuroptera,Hemerobiidae,Micromus,Micromus posticus,sklearn
49a81ab6c95e0c3d8e2de47dee35b240,Insecta,Neuroptera,Hemerobiidae,Micromus,Micromus posticus,VSEARCH
b5187d0554afb47743fba5c985f602ce,Insecta,Neuroptera,Hemerobiidae,Sympherobius,Sympherobius amiculus,sklearn
e5a6d766f83d9b9491b637e544d2ca12,Insecta,Neuroptera,Hemerobiidae,NA,NA,sklearn
7009c67530f9b692a8426a2d5006284b,Insecta,Neuroptera,Mantispidae,Dicromantispa,Dicromantispa sayi,sklearn
e115b73e18075bbf8752d3b098c198bf,Insecta,Neuroptera,Mantispidae,Dicromantispa,Dicromantispa sayi,VSEARCH
45f964c29d43cc92ddfd79969e987e56,Insecta,Neuroptera,Mantispidae,Leptomantispa,NA,VSEARCH
44d88b66a156a4c1b3704a53243044b8,Insecta,Neuroptera,Mantispidae,Mantispa,Mantispa viridis,sklearn
de9ce01b20cc0f564fe65547ff6e0a3d,Insecta,Neuroptera,Mantispidae,Mantispa,Mantispa viridis,sklearn
280bf5ff01220758cdcb4f7ccfa7414b,Insecta,Neuroptera,Sisyridae,Climacia,Climacia areolaris,VSEARCH
9f473a707d3f3849a50a8599ba99bb97,Insecta,Neuroptera,Sisyridae,Sisyra,Sisyra vicaria,sklearn
fa0b44d7b4b059088cbfb992f748b341,Insecta,Odonata,Coenagrionidae,Ischnura,Ischnura damula,sklearn
10f2df314525a2f81a5b3e911f948b90,Insecta,Orthoptera,Gryllidae,Oecanthus,Oecanthus niveus,sklearn
ff8c86be528ae3455058335ac3b067b0,Insecta,Orthoptera,Gryllidae,NA,NA,sklearn
c3dd5fbba20692a91177a75c80242a5f,Insecta,Orthoptera,Tettigoniidae,Scudderia,Scudderia furcata,sklearn
d44281dde85ad34af3ef895d429ce7a3,Insecta,Orthoptera,Trigonidiidae,Anaxipha,NA,sklearn
1a608bc2a93cb2c8616a2ac0f0a128b2,Insecta,Orthoptera,Trigonidiidae,Anaxipha,NA,sklearn
5919918495378ba4c619a247911561a1,Insecta,Orthoptera,Trigonidiidae,Anaxipha,NA,sklearn
c9d11e5907e767786bbd3485c626e736,Insecta,Orthoptera,Trigonidiidae,Anaxipha,NA,sklearn
10ef9d6f3d73e7e11a6fbb98590e203d,Insecta,Orthoptera,Trigonidiidae,Anaxipha,NA,sklearn
0b68effdefbe38c321f55afda44c23ed,Insecta,Orthoptera,Trigonidiidae,Anaxipha,NA,sklearn
72ca56cca899982bd5237d135e093a9c,Insecta,Psocodea,Amphipsocidae,Polypsocus,Polypsocus corruptus,sklearn
08a66e636c949e65220731f85cb948d5,Insecta,Psocodea,Amphipsocidae,Polypsocus,Polypsocus corruptus,VSEARCH
b9ff2b6fa884b910de2d723d2639ac49,Insecta,Psocodea,Caeciliusidae,Valenzuela,Valenzuela flavidus,VSEARCH
63a29781c0571e5f66865ac8f8bd64ad,Insecta,Psocodea,Caeciliusidae,Valenzuela,NA,VSEARCH
275c3c116677ef2487ef858470605e24,Insecta,Psocodea,Dasydemellidae,Teliapsocus,NA,VSEARCH
a8b689a64154d03357621c203b0abb2c,Insecta,Psocodea,Lepidopsocidae,Echmepteryx,Echmepteryx hageni,sklearn
7e28f8f19b2d045ecffa8ce51624395c,Insecta,Psocodea,Peripsocidae,Peripsocus,Peripsocus madidus,sklearn
525b5264cde0e0f211d5b88fde9986d8,Insecta,Psocodea,Philotarsidae,Aaroniella,Aaroniella badonneli,VSEARCH
30574eac840c5511b2cba5ee6e7b302d,Insecta,Psocodea,Psocidae,Blaste,Blaste sp. 2KJEM,VSEARCH
9e8ec7d8834090523e9865c6c5aa9051,Insecta,Psocodea,Psocidae,Blaste,Blaste sp. 2KJEM,VSEARCH
d570d7b1e5a1760aaa6a63bce3588e71,Insecta,Psocodea,Psocidae,Cerastipsocus,NA,sklearn
7edd710b8f1f8224b4051cbdbc9c679a,Insecta,Psocodea,Psocidae,Cerastipsocus,NA,sklearn
17626e289e1bcfd8b77c142797b3b200,Insecta,Psocodea,Psocidae,Metylophorus,Metylophorus novaescotiae,sklearn
5abc89f24778475f358822e86679c1bc,Insecta,Psocodea,Psocidae,Metylophorus,Metylophorus novaescotiae,sklearn
578fff15228b96b13a21db15faef715f,Insecta,Psocodea,Psocidae,Metylophorus,Metylophorus novaescotiae,sklearn
30a1faee309df43b898e5db5a94fd185,Insecta,Psocodea,Psocidae,Metylophorus,Metylophorus novaescotiae,sklearn
caea51b6aef255fa3cca21d9a1d8aa1a,Insecta,Psocodea,Psocidae,Metylophorus,Metylophorus novaescotiae,sklearn
ccfae18b2626b31b420c117014d76e46,Insecta,Psocodea,Psocidae,Metylophorus,Metylophorus novaescotiae,sklearn
2c11ea64de16805e25ed359888baabf6,Insecta,Psocodea,Psocidae,Metylophorus,Metylophorus novaescotiae,VSEARCH
686895322472a11254bfc89fd2fd8a3e,Insecta,Psocodea,Psocidae,Ptycta,Ptycta polluta,VSEARCH
2b400f19b66bbe3c664a73d3bc755437,Insecta,Strepsiptera,Halictophagidae,Halictophagus,NA,sklearn
5f055611e2c5f50c90a5261d77d0a9a8,Insecta,Trichoptera,Hydropsychidae,Cheumatopsyche,Cheumatopsyche analis,VSEARCH
6280a664e750c88afb6069f05b2a29a7,Insecta,Trichoptera,Hydropsychidae,Potamyia,Potamyia flava,VSEARCH
3f41f2ae5569248254a4a9bf32444653,Insecta,Trichoptera,Leptoceridae,Oecetis,Oecetis inconspicua,VSEARCH
8167c79beb19550d55cd77ce7425c083,Insecta,Trichoptera,Leptoceridae,Triaenodes,Triaenodes aba,VSEARCH
d068f8d5c31e07c88143cda365e014c7,Insecta,Trichoptera,Phryganeidae,Agrypnia,Agrypnia vestita,VSEARCH
2dd29c9eae0c981395abb33f5cec14c9,Insecta,Trichoptera,Phryganeidae,Ptilostomis,Ptilostomis postica,VSEARCH
690e4fa2b748654bd3a71726306c8251,Insecta,Trichoptera,Polycentropodidae,Cyrnellus,Cyrnellus fraternus,VSEARCH
